id,hour,lat,lon,mag,depth,nsta,label
04038,01,37.5052,141.5722,5.4,45.2,40,1
04039,15,36.2315,141.9317,5.4,33.0,35,1
04041,11,37.5667,141.7633,4.6,48.4,40,1
04042,04,40.1443,142.4625,4.9,34.6,40,1
04043,01,36.5233,140.5710,3.7,57.5,40,1
04044,13,36.2055,138.0060,3.4,5.7,20,1
04045,14,36.2028,138.0068,3.1,5.3,20,1
04047,09,38.0863,142.0930,5.0,17.8,40,1
04052,07,36.9022,141.0765,4.9,51.6,40,1
04053,09,41.9193,142.3363,4.8,69.1,39,1
04055,09,36.6325,140.6037,3.8,6.3,20,1
04057,20,34.2262,139.1465,3.1,8.0,39,1
04058,07,36.6617,141.1665,4.2,36.5,40,1
04062,03,34.9373,135.5823,3.5,10.8,20,1
04063,21,37.0958,140.5987,3.7,8.7,20,1
04064,21,38.4308,141.8302,3.9,57.6,40,1
04065,09,35.8893,137.6753,3.5,6.7,20,1
04066,12,35.3848,140.1880,3.9,60.4,35,1
04067,09,38.7150,142.2930,4.9,38.7,40,1
04068,07,37.0507,140.5833,4.3,6.7,20,1
04069,07,37.0535,140.6925,4.2,16.7,20,1
04071,10,37.3687,141.1153,3.7,39.0,40,1
04072,12,34.8460,135.5150,3.7,9.9,20,1
04073,19,36.2883,137.6532,3.9,3.1,20,1
04079,10,37.7255,141.9227,5.3,25.7,40,1
04081,23,38.1075,141.6543,4.4,54.7,40,1
04083,00,38.2900,142.7652,5.2,27.2,40,1
04087,08,36.8643,139.4553,4.1,5.1,20,1
04089,05,38.7247,142.1790,4.5,41.2,40,1
04093,17,28.4975,129.0805,4.1,59.6,27,1
04094,10,34.9762,134.6153,4.0,13.5,20,1
04099,12,45.9860,141.8085,5.2,22.4,28,1
04100,09,36.0038,137.2872,3.5,11.4,20,1
04104,18,36.5557,141.4918,5.5,47.3,36,1
04108,16,30.8775,130.8522,4.4,52.6,38,1
04110,01,24.7383,125.3538,4.0,17.2,9,1
04112,02,43.1027,144.9955,4.6,78.2,40,1
04115,19,38.6952,142.3568,4.7,41.0,39,1
04116,02,42.4895,139.2822,4.4,26.1,39,1
04118,19,40.2125,142.3267,5.0,37.7,37,1
04119,10,33.2528,139.4712,4.8,13.9,33,1
04122,22,35.3510,140.5685,5.0,26.4,38,1
04123,22,35.3858,140.3412,3.8,25.5,20,1
04124,13,42.0593,142.6462,4.7,60.2,40,1
04125,08,36.6973,140.6128,3.5,6.5,20,1
04126,10,40.0602,142.7237,5.1,28.1,40,1
04127,07,27.9867,129.5003,4.8,31.9,26,1
04133,12,37.0168,141.1545,4.1,52.0,43,1
04134,19,38.1400,141.9187,4.2,56.9,38,1
04137,01,37.0683,139.3517,3.5,7.6,20,1
04138,14,37.2480,136.7648,3.9,11.2,20,1
04139,11,26.3083,127.3487,5.0,46.7,9,1
04140,00,43.2743,145.8765,4.6,90.0,40,1
04141,05,35.8018,140.0987,4.4,65.8,40,1
04143,14,34.0495,135.1588,3.6,5.9,20,1
04144,20,33.6790,131.8980,4.2,77.0,40,1
04146,20,37.2722,142.1375,4.8,32.7,39,1
04147,06,36.6737,140.6590,3.7,9.7,20,1
04148,13,38.2328,141.5198,4.4,49.5,40,1
04149,04,35.8672,137.6492,3.4,8.6,20,1
04151,10,39.1898,142.4207,5.3,33.7,40,1
04153,23,28.5977,129.6098,4.1,54.3,26,1
04158,08,36.4330,140.6840,4.1,51.7,40,1
04159,04,35.7860,140.8670,4.4,14.3,39,1
04167,16,36.2558,137.5977,3.8,3.9,20,1
04168,09,36.2693,137.6042,3.6,3.2,20,1
04170,07,37.1527,140.2155,3.2,7.3,20,1
04171,10,36.0865,139.8833,4.0,47.0,35,1
04172,21,40.9707,142.0115,4.2,56.8,40,1
04173,06,37.6662,139.9422,2.8,8.7,20,1
04175,15,37.1032,140.6887,3.5,8.3,20,1
04176,02,36.4562,140.6025,4.3,55.7,41,1
04177,07,40.9572,141.6112,4.6,82.2,40,1
04181,21,38.6145,141.9077,4.2,48.2,40,1
04182,15,26.3752,127.2022,4.5,10.3,8,1
04183,06,37.6297,141.5710,4.7,51.2,40,1
04185,14,24.5182,142.4478,6.4,139.4,46,1
04186,05,35.8993,137.6468,3.4,7.8,20,1
04187,04,39.1028,142.2018,4.0,43.9,40,1
04191,10,36.4520,140.5617,4.5,60.0,40,1
04196,13,28.1113,128.0872,5.6,12.7,24,1
04197,07,33.8238,131.8758,4.4,76.7,39,1
04199,10,35.1955,136.5543,3.3,5.2,20,1
04200,03,34.3648,134.8922,4.2,11.4,20,1
04201,11,36.4062,140.1505,4.2,108.4,39,1
04203,16,36.8782,141.3540,5.0,28.0,40,1
04204,05,37.0717,141.1910,4.2,50.4,40,1
04205,16,36.1360,140.0132,3.9,48.7,33,1
04210,15,35.4927,136.3092,4.1,37.8,35,1
04212,12,33.8942,132.6438,3.9,43.9,32,1
04213,00,37.2377,136.6780,4.1,8.3,37,1
04214,10,34.7747,139.3652,1.7,0.2,23,1
04216,03,33.6812,135.1495,3.9,39.4,30,1
04217,14,40.9213,143.2907,5.6,34.0,40,1
04219,06,40.9998,141.7432,4.4,80.9,39,1
04220,19,30.5715,130.9562,3.4,6.7,24,1
04221,04,33.7055,132.6223,4.0,41.5,40,1
04223,22,38.7093,140.9782,3.7,16.0,20,1
04224,13,40.7653,142.0595,4.3,92.0,34,1
04225,15,35.9173,140.1107,4.4,61.3,38,1
04226,16,42.0137,142.5308,4.3,51.4,40,1
04227,17,40.5263,141.6302,4.0,106.3,40,1
04228,23,42.6892,145.7330,4.6,47.7,40,1
04231,04,43.6552,144.4947,4.2,0.0,20,1
04232,13,33.8333,135.3225,3.9,51.7,35,1
04233,22,36.7925,137.9237,3.8,5.4,20,1
04234,22,36.7453,137.8953,3.8,3.0,20,1
04235,00,36.6063,137.8857,3.0,7.0,20,1
04236,04,36.6200,137.8480,3.6,0.0,20,1
04239,12,36.7422,137.8817,4.4,5.4,20,1
04240,15,36.7427,137.8807,3.4,4.8,20,1
04241,13,36.7428,137.8780,3.6,4.3,20,1
04242,20,36.5188,140.7023,4.0,54.7,35,1
04243,01,37.0552,140.6290,4.3,9.8,20,1
04244,23,35.2908,137.1190,4.2,45.2,34,1
04247,18,37.7713,139.9797,3.7,8.5,20,1
04248,12,32.0390,129.8480,4.1,12.7,39,1
04249,13,42.7290,145.5232,5.3,45.6,39,1
04258,18,38.4662,142.0425,4.2,42.5,40,1
04263,21,35.0270,135.5322,3.9,14.7,20,1
04264,02,42.6503,144.5318,4.5,54.3,38,1
04269,12,35.8637,137.8952,3.6,8.2,20,1
04270,23,33.9560,133.8758,4.0,41.2,40,1
04271,13,39.9127,143.7322,6.5,8.0,36,1
04273,17,35.5633,140.1378,4.5,68.4,37,1
04274,19,39.0488,142.2058,4.3,49.5,40,1
04277,08,24.8022,125.3778,4.4,49.1,11,1
04278,12,34.7378,139.2728,3.1,1.4,40,1
04279,11,38.8583,142.1742,4.1,43.1,40,1
04280,20,37.3335,141.5882,5.0,46.4,39,1
04282,01,26.3573,141.5482,4.7,111.9,30,1
04284,20,43.3872,145.9148,4.3,65.3,40,1
04286,10,38.5277,141.8177,4.8,49.9,40,1
04289,09,42.3527,143.0962,5.0,50.4,39,1
04290,16,36.1338,139.8258,3.8,49.8,39,1
04296,08,33.6023,132.5345,4.1,46.8,39,1
04298,16,36.6407,140.9403,4.0,49.3,34,1
04301,13,37.5077,141.5778,5.0,44.8,39,1
04303,12,32.8717,131.0960,1.7,1.3,20,1
04305,06,39.6520,141.9167,4.4,16.5,20,1
04309,08,30.4480,130.1878,2.3,0.4,14,1
04310,16,33.0313,130.4847,4.0,8.1,20,1
04318,05,28.3038,129.5077,4.2,34.8,26,1
04319,06,35.2255,139.0278,3.3,3.4,20,1
04323,18,36.0685,139.8647,4.1,45.6,35,1
04324,14,43.6750,147.8383,6.3,1.0,39,1
04326,14,38.3012,142.1072,4.1,36.9,36,1
04327,02,31.0823,131.5047,4.7,31.6,40,1
04329,18,37.8357,141.6983,4.9,64.7,39,1
04330,21,36.0747,139.8593,4.0,45.3,36,1
04331,17,37.0977,140.6847,4.2,8.1,20,1
04332,09,38.7140,142.2193,4.5,39.9,40,1
04333,23,38.3685,141.8288,4.7,63.0,40,1
04334,10,36.3705,136.5747,3.0,6.6,20,1
04337,21,43.0193,145.7900,4.4,44.4,40,1
04338,11,38.8682,141.5950,4.4,75.1,39,1
04340,12,24.8035,125.5103,4.2,18.7,10,1
04344,20,37.0607,139.3408,2.9,7.0,20,1
04345,21,38.7207,142.2545,4.8,39.5,40,1
04346,04,36.0582,137.5635,3.8,8.0,20,1
04350,14,37.2925,141.2118,5.1,16.3,39,1
04352,10,36.4043,138.0412,3.2,3.0,20,1
04353,23,35.2318,138.6225,3.3,15.7,20,1
04354,23,36.3537,140.9337,4.8,45.6,35,1
04357,13,29.3120,130.4598,5.3,45.1,47,1
04358,11,36.4475,136.2035,4.3,16.7,40,1
04359,20,34.6995,138.5185,4.6,23.2,19,1
04360,11,36.8085,141.2298,4.5,41.4,34,1
04361,05,35.9952,140.2077,3.9,40.6,35,1
04362,23,43.4918,144.0640,3.9,0.0,20,1
04363,15,40.0315,140.5307,3.9,8.7,20,1
04364,05,38.6378,141.8085,4.1,50.0,40,1
04365,03,33.0915,130.4310,3.4,10.2,20,1
04366,20,36.4418,140.8027,3.9,57.5,40,1
04367,00,26.5815,128.2223,4.5,43.5,13,1
04369,02,34.4115,135.8788,3.4,9.7,20,1
04370,18,38.7013,142.2477,5.0,39.5,40,1
04372,09,41.4918,142.0018,4.4,65.4,40,1
04375,18,27.1282,140.6282,5.7,314.4,39,1
04378,12,41.5680,142.0677,5.2,65.2,40,1
04380,00,32.6665,132.0107,4.0,35.7,40,1
04383,03,42.9847,145.8008,4.4,46.9,39,1
04387,08,36.6715,140.6517,4.3,9.9,20,1
04388,13,34.9787,135.6965,3.6,11.2,20,1
04389,16,38.3230,141.8593,4.1,46.9,40,1
04390,06,34.4265,135.8790,3.4,9.7,20,1
04392,13,38.3437,141.8515,4.6,63.3,40,1
04396,18,34.1457,135.0832,3.9,8.9,20,1
04397,03,31.6565,131.0500,2.8,1.5,20,1
04399,07,36.7643,140.5858,3.9,8.9,20,1
04400,20,40.0703,141.8288,3.5,7.3,20,1
04401,11,33.5588,134.4765,4.2,34.3,40,1
04402,01,39.6747,141.4730,4.4,13.7,20,1
04403,20,33.6447,130.2828,3.9,11.7,39,1
04409,06,43.0675,146.0520,5.1,49.5,40,1
04411,01,35.0638,139.0800,3.7,5.2,10,1
04414,06,35.8798,140.8998,4.6,16.8,33,1
04416,20,38.2665,141.8818,4.5,51.2,39,1
04417,20,29.3387,129.5485,3.1,15.8,16,1
04419,01,37.0913,140.7272,3.8,9.7,20,1
04420,01,38.1457,141.9892,4.3,48.0,40,1
04421,19,39.9858,139.8872,3.5,14.2,20,1
04425,01,38.3043,141.8793,4.6,46.3,39,1
04428,13,42.1265,142.9125,3.8,19.8,36,1
04431,01,40.9720,142.0107,4.1,56.0,37,1
04433,16,43.2427,145.5015,4.3,96.5,40,1
04434,14,42.9180,144.7168,4.7,57.1,39,1
04435,11,36.1715,140.0983,4.4,54.8,39,1
04436,08,29.2108,129.2788,2.3,10.2,9,1
04438,01,34.9417,135.4218,3.7,13.8,20,1
04440,15,36.6105,139.4697,3.4,5.1,20,1
04441,21,32.6770,130.7372,0.0,10.0,15,1
04442,21,32.6872,130.7550,3.7,10.3,14,1
04444,21,32.6807,130.7502,3.7,8.4,15,1
04445,21,32.7172,130.7482,4.1,12.2,20,1
04446,21,32.7510,130.7943,3.5,7.9,19,1
04447,22,32.7738,130.8538,3.9,9.7,19,1
04450,22,32.7700,130.8358,3.3,8.1,20,1
04451,22,32.7725,130.8420,3.6,8.6,20,1
04454,22,32.6703,130.7412,3.9,9.5,20,1
04455,22,32.7475,130.7990,3.5,9.0,18,1
04456,22,32.7652,130.8285,3.6,8.7,20,1
04457,22,32.6813,130.7417,3.6,12.3,20,1
04458,23,32.6840,130.7272,3.3,13.4,20,1
04460,23,32.7397,130.7833,3.7,10.4,20,1
04463,00,32.6897,130.7455,3.9,11.3,20,1
04464,00,32.6905,130.7362,3.1,12.7,19,1
04467,01,32.7625,130.8152,3.6,11.0,20,1
04472,06,32.6663,130.7638,3.2,5.2,20,1
04473,07,32.6653,130.7282,3.5,11.9,20,1
04476,09,32.7067,130.7520,3.9,13.4,20,1
04479,17,32.8410,130.8842,3.5,11.9,20,1
04480,18,32.7105,130.7503,3.9,13.4,20,1
04481,01,32.9407,130.9960,3.9,11.8,20,1
04482,01,33.2708,131.3453,3.7,8.9,16,1
04487,01,32.9147,131.0078,3.6,8.5,11,1
04489,01,33.2395,131.3317,3.3,8.6,14,1
04492,01,32.9500,131.0997,3.6,9.0,12,1
04493,01,33.2750,131.4225,0.0,3.0,7,1
04494,01,32.6912,130.7358,3.6,12.8,20,1
04496,01,32.6958,130.7448,3.5,9.6,20,1
04497,01,32.8118,130.8475,3.9,4.1,20,1
04498,01,32.7252,130.7455,3.8,16.0,19,1
04499,01,33.2872,131.4515,3.0,3.9,7,1
04500,01,32.9805,131.1055,3.9,11.9,20,1
04504,02,32.9505,131.1027,3.3,9.8,16,1
04508,02,32.7237,130.7867,3.3,6.0,5,1
04511,02,32.9558,131.1057,3.1,10.8,17,1
04512,02,32.6933,130.7275,3.3,13.5,16,1
04515,02,32.9542,131.1057,3.4,8.4,13,1
04516,02,32.7578,130.7662,3.7,12.8,20,1
04518,02,32.9727,131.1013,3.1,4.9,9,1
04521,02,33.2947,131.4517,2.6,4.7,9,1
04523,02,32.8690,130.8410,3.5,14.5,20,1
04524,02,32.7562,130.7500,3.6,16.6,20,1
04525,02,32.8298,130.8912,3.4,11.0,20,1
04526,02,33.2990,131.4625,3.4,6.9,20,1
04528,02,32.7413,130.7587,3.9,13.0,20,1
04529,02,32.8303,130.8380,3.8,13.2,20,1
04530,02,32.7342,130.7680,3.4,12.1,20,1
04531,03,32.9742,131.0693,3.7,10.2,15,1
04532,03,33.2783,131.4507,0.0,4.0,4,1
04533,03,33.2987,131.4248,3.5,3.9,14,1
04538,03,32.9790,131.0935,3.8,11.0,20,1
04539,03,32.7092,130.7455,2.1,12.5,18,1
04540,03,32.6942,130.7795,3.6,9.4,20,1
04541,03,32.8350,130.8883,3.3,12.9,20,1
04545,04,33.1280,131.1723,3.9,7.6,18,1
04548,04,33.0163,131.1773,4.1,11.9,20,1
04549,04,32.7445,130.7840,3.3,8.7,14,1
04552,04,32.9700,131.1172,3.4,8.5,10,1
04555,04,32.6495,130.7268,3.9,8.7,20,1
04556,04,32.6718,130.7247,3.2,8.9,20,1
04557,04,32.9252,131.0672,3.3,8.8,19,1
04560,04,33.0217,131.1663,3.6,11.5,20,1
04564,05,33.2982,131.4875,3.3,6.7,14,1
04566,05,32.7163,130.7795,3.2,8.8,15,1
04569,05,33.2783,131.3845,2.9,6.7,20,1
04572,06,33.2842,131.3410,3.0,6.8,16,1
04573,06,32.7998,130.7788,3.7,16.2,20,1
04575,06,32.9958,131.0963,4.5,8.9,20,1
04576,06,33.2712,131.3635,3.2,8.5,20,1
04577,07,32.9777,131.1085,3.8,10.7,20,1
04578,07,32.9540,131.1198,3.5,10.3,20,1
04580,07,33.2662,131.3803,2.9,10.0,14,1
04581,07,33.2977,131.4773,2.7,3.3,20,1
04583,07,33.2968,131.4622,3.2,4.0,20,1
04585,07,32.6628,130.7243,0.0,6.9,20,1
04589,07,32.9700,131.1067,3.6,10.3,20,1
04593,08,33.2990,131.5048,3.1,6.3,20,1
04594,09,33.2977,131.4783,2.4,5.7,20,1
04595,09,33.2373,131.3282,2.7,7.7,20,1
04596,09,32.8618,130.8225,3.6,12.9,20,1
04597,09,32.7018,130.6742,3.6,11.9,20,1
04598,10,32.8028,130.8468,3.8,11.2,20,1
04600,10,32.7243,130.7327,3.7,15.2,20,1
04602,11,32.8753,130.9358,2.9,9.8,19,1
04603,11,32.6873,130.7008,3.9,15.7,20,1
04605,12,32.9220,131.0887,2.9,8.4,14,1
04606,12,33.2680,131.3830,2.7,5.7,20,1
04607,12,33.0303,131.1990,3.8,6.0,20,1
04610,13,32.6970,130.7090,3.9,18.0,20,1
04611,13,33.2407,131.3405,2.9,9.0,20,1
04612,13,33.2387,131.3405,3.1,8.6,20,1
04614,14,32.7252,130.7628,3.8,11.8,20,1
04615,14,33.0447,131.2082,3.5,6.4,20,1
04616,14,32.6668,130.7538,3.0,6.6,20,1
04618,15,33.2720,131.3558,2.6,5.1,14,1
04621,16,32.6945,130.7012,3.6,10.6,20,1
04623,17,32.6410,130.6930,2.8,3.8,17,1
04624,20,32.5660,130.6598,3.7,8.5,20,1
04625,21,32.9290,131.0508,2.8,10.1,20,1
04626,21,32.7580,130.7105,2.5,8.9,20,1
04627,21,32.6160,130.7092,3.3,4.7,20,1
04629,21,32.9650,131.0658,3.8,11.7,20,1
04631,22,32.7005,130.7173,3.2,12.8,20,1
04633,23,33.2752,131.3752,3.6,9.1,20,1
04634,00,32.8605,130.8512,3.4,14.1,20,1
04635,00,32.5572,130.6568,3.6,9.0,20,1
04636,00,33.2832,131.3562,2.3,2.8,14,1
04641,03,32.8307,130.8188,3.7,9.8,20,1
04649,11,32.9900,131.0963,3.2,8.4,20,1
04650,12,32.8130,131.0983,2.6,5.3,20,1
04658,16,32.7073,130.7278,3.6,10.3,20,1
04659,17,33.2670,131.3663,2.9,9.7,20,1
04663,00,32.5365,130.6535,3.9,7.0,20,1
04665,04,32.7537,130.7527,3.4,12.7,20,1
04667,07,32.6302,130.6805,3.8,8.2,20,1
04668,08,37.0727,141.1863,4.2,51.0,40,1
04669,08,32.9607,131.1148,3.4,10.9,20,1
04671,09,32.7057,130.7228,3.4,10.6,20,1
04672,12,32.5337,130.6600,3.9,6.9,20,1
04677,18,32.6725,130.7077,3.8,16.0,20,1
04678,19,32.6945,130.7135,3.3,15.8,20,1
04680,20,33.0118,131.2175,3.0,6.4,20,1
04681,20,33.0187,131.1905,2.8,6.8,20,1
04682,20,33.0150,131.2205,3.5,6.8,20,1
04684,22,32.9958,131.1883,3.5,7.6,20,1
04687,03,32.6450,130.7425,3.0,7.4,20,1
04688,03,32.9942,131.1930,3.5,10.2,20,1
04692,09,32.7800,130.7520,3.6,9.9,20,1
04694,13,32.6928,130.7783,3.2,8.7,20,1
04697,15,32.9978,131.1890,3.8,5.3,20,1
04698,16,32.9708,131.1122,3.6,9.1,20,1
04699,17,32.5347,130.6390,4.0,8.1,20,1
04701,18,32.5375,130.6438,3.8,8.0,20,1
04702,18,32.5428,130.6515,4.0,7.8,20,1
04704,20,32.8232,130.6847,3.3,6.8,20,1
04706,23,32.6688,130.7247,3.2,10.5,20,1
04707,00,32.5342,130.6402,4.0,7.7,20,1
04710,03,32.5647,130.6458,4.1,11.1,20,1
04712,08,32.7007,130.6555,3.7,9.4,20,1
04716,16,32.8377,130.7993,4.0,15.2,20,1
04718,19,32.7533,130.7510,3.9,10.3,20,1
04719,21,37.7715,141.6888,5.8,48.5,34,1
04720,21,33.0088,131.0942,3.7,8.9,20,1
04722,22,33.3157,131.4848,2.5,4.5,20,1
04723,06,33.3128,131.4750,2.3,5.2,20,1
04724,06,33.3192,131.4705,2.9,3.4,20,1
04726,07,33.3203,131.4692,2.7,3.4,20,1
04727,08,33.3122,131.4885,2.6,4.1,20,1
04728,11,32.7887,130.7473,3.2,6.8,20,1
04730,13,32.8023,130.7083,3.1,8.0,20,1
04732,21,32.7853,130.8318,4.0,11.0,20,1
04734,23,33.5007,134.3263,4.4,33.9,40,1
04736,07,35.7057,140.9062,4.1,13.4,34,1
04737,14,33.0362,131.1550,3.3,8.2,20,1
04739,17,33.3148,131.4912,3.0,4.5,20,1
04742,06,33.0500,131.1532,3.5,9.8,20,1
04743,07,32.6815,130.6955,3.4,9.7,20,1
04746,18,32.9865,131.1047,3.7,8.3,20,1
04747,18,32.6953,130.7185,3.6,11.5,20,1
04751,16,32.7197,130.6820,3.0,12.1,20,1
04752,21,32.5873,130.6695,3.9,9.7,20,1
04753,00,38.1765,141.6905,5.0,51.7,40,1
04754,07,32.6927,130.7380,3.6,11.9,20,1
04755,07,43.0630,145.8517,4.4,75.8,40,1
04757,22,32.7105,130.6835,3.3,12.8,20,1
04758,23,33.2735,131.3433,3.2,9.0,20,1
04759,00,32.6005,130.7003,3.8,9.2,20,1
04760,08,32.6962,130.7107,3.5,13.6,20,1
04762,04,32.6538,130.6868,3.1,10.5,20,1
04764,15,33.0110,131.1725,3.5,11.7,20,1
04765,16,33.2528,131.3683,2.2,6.7,20,1
04766,18,33.2610,131.3673,3.2,8.6,20,1
04768,01,36.3422,137.8703,3.2,7.5,20,1
04772,20,32.9453,131.1140,3.4,7.9,20,1
04775,06,32.7382,130.7462,3.8,13.1,20,1
04779,16,32.6170,130.7185,3.4,4.7,20,1
04780,23,32.6113,130.7188,3.1,5.4,20,1
04783,15,32.9877,131.1138,3.4,10.8,20,1
04784,17,32.6950,130.7320,3.3,11.9,20,1
04786,16,32.6308,130.6828,3.8,8.6,20,1
04788,19,32.6118,130.7098,2.7,5.6,20,1
04792,05,32.6408,130.6763,3.6,10.8,20,1
04793,14,32.6797,130.7083,3.4,10.7,20,1
04795,05,32.3048,130.4415,3.4,6.7,20,1
04796,13,32.6722,130.6608,3.3,10.1,20,1
04798,22,32.3885,130.5360,3.8,10.7,20,1
04799,13,24.6982,121.9977,6.4,31.0,14,1
04801,22,32.5883,130.6895,2.9,4.0,19,1
04805,22,32.6843,130.7317,3.6,13.8,20,1
04808,18,32.6717,130.7213,3.9,14.3,20,1
04812,19,32.6690,130.7692,3.1,7.6,20,1
04815,06,32.7395,130.6038,3.8,10.9,20,1
04816,02,32.5840,130.6730,3.4,10.3,20,1
04817,03,32.6247,130.6675,3.9,11.5,20,1
04818,05,32.7322,130.7952,3.2,7.5,20,1
04821,23,36.4157,140.9440,4.1,61.7,33,1
04824,14,25.4498,122.5095,6.2,235.9,19,1
04825,02,32.9295,131.0655,2.9,6.8,20,1
04827,16,32.9952,131.1927,3.6,7.3,20,1
04828,18,35.4252,140.3075,3.7,29.4,20,1
04829,22,35.4292,140.3093,3.5,30.2,34,1
04832,12,41.8628,143.3620,4.3,19.1,30,1
04835,13,32.6185,130.6828,3.6,6.9,20,1
04837,02,32.5278,130.5872,3.6,6.8,20,1
04838,03,36.5463,139.4193,3.5,5.7,20,1
04839,22,32.4498,130.6790,3.1,7.4,20,1
04841,08,36.3848,140.7602,4.2,25.2,40,1
04842,06,32.6897,130.8093,3.3,6.7,20,1
04847,07,36.9898,142.4020,5.9,19.2,40,1
04848,13,37.5678,138.1062,4.6,26.4,34,1
04852,08,36.8227,137.8457,4.6,0.0,20,1
04853,14,32.9640,131.1185,3.5,9.6,20,1
04854,14,33.5408,131.8017,4.4,76.5,39,1
04864,20,33.0525,131.1107,3.8,11.0,20,1
04866,09,37.1668,141.4058,4.3,47.9,40,1
04867,17,32.3648,130.5533,3.9,5.2,20,1
04868,09,41.9280,141.0057,2.9,8.4,35,1
04869,17,41.9262,141.0055,2.6,8.5,37,1
04870,19,32.5957,130.6708,3.6,11.2,20,1
04871,00,32.4505,130.6773,2.9,7.0,20,1
04872,03,42.3237,139.2497,4.1,21.8,40,1
04874,11,32.5787,130.7177,3.6,7.4,20,1
04875,13,41.4937,142.0495,4.5,65.9,39,1
04877,08,39.3378,142.0705,4.8,48.5,40,1
04878,22,36.4708,140.6565,3.5,17.9,40,1
04883,17,35.0667,133.0402,3.2,6.1,20,1
04886,09,32.3640,130.6005,3.5,6.1,20,1
04887,04,32.7130,130.6833,3.2,13.2,20,1
04888,03,37.5162,141.4373,4.4,49.4,40,1
04889,13,33.4868,131.9135,4.3,70.7,40,1
04892,00,40.3675,143.6868,6.2,12.0,37,1
04897,11,32.7895,130.6433,3.7,11.9,20,1
04901,18,42.4943,142.6810,4.7,110.3,40,1
04904,23,36.6875,140.4907,4.3,95.5,40,1
04905,12,28.3053,129.4785,4.2,31.9,27,1
04907,20,35.7982,129.2717,5.8,36.0,37,1
04908,14,32.8647,130.9227,3.3,9.3,20,1
04910,19,35.9370,139.8107,4.9,77.4,40,1
04911,23,32.7710,130.7397,3.4,10.0,20,1
04912,16,35.6160,141.0673,4.7,17.4,36,1
04916,20,35.3715,134.7372,3.0,7.0,20,1
04917,11,41.8325,142.2062,4.8,71.9,40,1
04919,10,35.4063,133.8312,3.9,12.8,20,1
04922,17,41.9222,142.4380,4.5,67.4,40,1
04923,08,41.9407,140.9752,3.2,9.9,37,1
04924,03,26.7380,127.5335,4.3,62.6,11,1
04927,04,42.3257,143.0423,5.0,49.9,40,1
04928,15,32.7010,130.6478,3.6,11.3,20,1
04932,14,35.4217,133.8425,3.6,9.2,14,1
04933,14,35.4192,133.8412,3.7,10.1,20,1
04935,14,35.4247,133.8318,3.5,7.4,20,1
04938,14,35.4187,133.8402,3.3,7.5,20,1
04942,14,35.4405,133.8333,3.7,7.8,20,1
04943,14,35.4098,133.8445,4.2,10.4,20,1
04944,15,35.3627,133.8727,4.3,9.8,20,1
04945,15,35.4293,133.8403,3.5,6.5,20,1
04948,17,35.4007,133.8365,3.3,5.5,20,1
04953,22,35.4192,133.8272,3.9,10.1,20,1
04955,03,35.4093,133.8447,2.7,5.6,20,1
04957,02,35.4328,133.8220,2.9,7.2,20,1
04958,20,35.3855,133.8825,3.8,8.5,20,1
04959,20,35.3828,133.8922,3.5,7.7,20,1
04961,21,35.4305,133.8252,3.2,7.4,20,1
04962,07,35.4362,133.9295,3.0,8.3,20,1
04963,12,35.4355,133.9105,3.4,8.4,20,1
04966,14,40.0193,140.4677,4.2,6.5,18,1
04967,20,33.6700,131.0078,3.6,8.3,20,1
04968,17,35.4177,133.8207,3.8,10.5,20,1
04969,01,35.9007,140.8625,4.6,42.6,40,1
04971,15,43.1403,146.1788,4.3,49.7,40,1
04975,06,37.2433,141.3777,5.7,22.4,34,1
04976,06,37.2537,141.5343,5.0,32.5,40,1
04977,08,37.2045,141.4717,4.8,30.7,39,1
04980,20,32.7392,130.6807,3.6,12.5,20,1
04984,06,32.8295,130.8143,3.6,7.9,20,1
04985,14,37.1808,141.5008,4.9,29.4,39,1
04986,20,37.1965,141.5285,4.6,35.9,40,1
04987,11,32.5680,130.7233,3.7,8.7,20,1
04989,01,32.5245,130.6232,2.9,2.8,20,1
04992,20,29.2357,129.1400,3.2,10.7,23,1
04994,13,40.1173,142.4545,4.8,34.0,40,1
04997,11,37.3475,141.6352,4.5,33.8,37,1
04998,02,36.7282,141.8532,5.1,39.7,40,1
05001,04,35.9995,139.9253,4.2,40.9,39,1
05003,20,35.4150,133.8372,3.5,13.5,20,1
05006,13,36.8788,140.9853,4.3,54.9,40,1
05009,12,35.7340,140.6137,4.9,49.8,35,1
05012,05,33.9243,133.7315,3.9,45.0,32,1
05013,22,39.7610,140.7635,5.0,151.3,38,1
05014,03,27.9963,130.2665,4.3,34.3,27,1
05015,20,36.7077,140.6335,4.4,5.6,20,1
05016,21,32.7875,129.2803,4.1,9.1,32,1
05017,06,37.1775,141.7197,5.4,40.8,40,1
05021,15,37.7087,141.7800,4.2,64.5,41,1
05023,05,35.4240,133.8338,3.0,9.0,20,1
05025,18,42.3497,143.0492,4.7,51.8,40,1
05028,00,32.6082,132.1158,3.9,37.2,38,1
05030,10,35.7353,140.7202,4.7,51.8,39,1
05033,01,41.4817,141.9788,5.2,64.7,40,1
05034,11,43.9617,144.9930,3.4,5.7,20,1
05036,03,30.9893,130.4197,5.1,135.8,40,1
05037,12,42.8157,142.7002,4.7,82.3,39,1
05038,01,26.8353,127.1997,5.1,86.6,11,1
05039,19,37.3132,136.7688,3.6,5.1,20,1
05040,20,36.6967,140.6467,3.8,6.4,20,1
05041,00,35.4080,140.3400,3.0,30.9,20,1
05044,16,35.8950,138.1373,3.5,4.8,20,1
05048,03,36.1608,140.1008,4.6,54.5,38,1
05050,06,29.5737,129.6863,3.4,7.0,19,1
05051,23,36.8172,138.7283,3.9,4.9,20,1
05053,12,32.7218,130.0235,4.2,15.9,20,1
05055,21,30.7780,131.4830,5.6,43.8,33,1
05056,07,24.4333,124.1768,4.2,15.1,11,1
05058,21,32.6030,130.7337,2.9,8.6,20,1
05061,20,43.6473,147.6328,5.7,35.0,40,1
05066,09,35.6483,140.6753,4.7,51.0,40,1
05069,01,36.3435,140.0535,3.8,71.8,35,1
05070,05,37.0853,140.6042,4.5,6.0,20,1
05071,08,39.3398,142.0602,4.5,48.2,40,1
05072,09,35.8597,137.5698,3.5,6.0,20,1
05073,23,35.8728,137.5815,3.6,5.5,20,1
05077,08,35.8660,137.5943,3.3,7.2,20,1
05078,21,43.5627,147.8328,5.7,31.0,39,1
05081,10,38.2638,141.6032,4.4,54.3,47,1
05082,13,35.3917,133.8575,3.0,4.8,20,1
05083,21,27.9872,129.3847,4.2,29.4,27,1
05088,16,35.8128,140.1683,4.4,61.3,38,1
05089,17,38.9702,141.7223,4.3,65.0,40,1
05092,07,36.4530,140.6055,4.1,55.7,40,1
05093,09,39.4960,140.4227,2.9,9.7,20,1
05096,09,35.7968,140.0912,5.0,64.5,36,1
05098,18,35.8363,139.9923,4.5,102.4,40,1
05099,00,36.4567,141.0522,3.9,44.5,35,1
05101,17,34.0185,135.1870,2.8,3.6,20,1
05102,11,36.7475,140.5750,4.8,10.5,19,1
05104,11,42.8262,141.4707,2.8,9.6,20,1
05105,02,27.8042,140.1288,6.1,474.6,39,1
05106,19,39.5263,140.4250,3.3,9.0,20,1
05107,23,39.5213,140.4275,3.1,8.8,20,1
05109,23,32.7455,130.6598,2.9,10.7,20,1
05112,05,37.2767,141.6523,5.3,46.1,39,1
05114,06,34.7555,139.6440,4.2,21.9,35,1
05116,16,37.3458,141.5953,4.8,44.8,40,1
05117,00,36.2457,137.5230,2.1,2.6,20,1
05119,04,36.8087,140.5380,4.2,8.4,20,1
05123,01,40.0225,141.9528,4.2,8.9,40,1
05124,18,28.3267,131.2770,5.6,97.7,34,1
05125,21,37.0615,141.1445,4.2,50.8,40,1
05127,22,36.8025,140.7763,4.3,73.8,40,1
05128,13,33.9970,135.2355,3.5,7.9,20,1
05129,21,36.8150,140.5305,4.8,8.0,20,1
05131,16,36.1228,139.8497,4.0,49.1,40,1
05132,11,37.1642,136.9295,3.5,15.8,20,1
05133,12,37.1645,136.9287,3.7,15.7,20,1
05134,18,32.3520,140.7453,6.0,46.0,40,1
05136,03,32.8248,130.6107,3.3,4.1,20,1
05141,05,34.3602,134.8907,3.6,12.1,20,1
05142,20,43.1003,145.5967,4.1,48.7,40,1
05143,06,38.8765,142.0795,4.4,49.9,40,1
05144,06,38.1827,141.6865,4.6,51.0,40,1
05145,04,40.9747,142.0123,4.1,57.0,40,1
05148,11,36.8712,136.9803,4.0,13.7,20,1
05150,04,34.8530,139.2540,4.4,11.9,11,1
05152,05,33.7765,132.2052,4.3,56.7,40,1
05153,13,39.6337,142.1035,4.1,48.5,40,1
05154,03,34.8473,139.2530,3.4,10.9,11,1
05158,15,28.2117,129.4162,4.2,19.1,25,1
05160,04,36.2623,140.9360,4.2,37.7,35,1
05163,04,36.6942,140.5887,3.7,9.3,20,1
05166,23,24.2543,123.7962,4.4,15.2,10,1
05167,00,24.2407,123.8422,4.2,16.5,10,1
05174,05,38.3043,141.8862,4.2,45.8,40,1
05175,15,29.2765,129.2278,2.9,14.5,18,1
05178,02,35.1863,132.5765,4.2,10.1,20,1
05180,06,35.1962,132.5743,3.8,12.0,20,1
05181,23,31.2703,129.9750,4.0,7.4,39,1
05183,10,34.8252,137.1268,3.6,6.3,20,1
05184,03,29.2182,129.1277,3.6,10.9,20,1
05186,18,35.5600,141.1043,5.1,33.3,40,1
05192,15,37.0825,141.1752,4.2,49.0,39,1
05193,21,41.9667,141.0068,3.1,11.5,38,1
05194,07,40.0415,140.5427,4.1,8.6,19,1
05196,19,40.0595,142.6852,5.1,28.7,38,1
05197,14,35.4930,139.0213,4.3,27.0,17,1
05199,19,36.6395,137.8897,3.0,9.1,19,1
05200,19,26.4598,127.2403,4.4,60.7,27,1
05203,21,43.4493,144.0057,2.9,0.0,20,1
05204,18,31.9588,130.1253,3.9,11.2,40,1
05205,22,35.2318,138.6242,3.6,17.4,20,1
05206,05,35.1677,140.5753,4.9,16.7,39,1
05207,19,35.2397,140.2757,4.0,13.1,20,1
05209,11,35.3482,140.3305,4.2,25.9,20,1
05211,04,34.8443,135.6262,3.9,13.0,20,1
05212,07,34.8458,135.6128,3.9,10.6,20,1
05215,15,35.1317,140.2423,3.8,11.1,20,1
05216,06,36.6963,140.5845,3.5,9.5,20,1
05220,14,35.1087,140.2633,4.3,12.8,39,1
05224,03,33.4332,130.3793,4.2,14.4,20,1
05226,17,38.2643,142.1568,4.9,39.0,34,1
05229,15,36.6042,140.9697,4.0,47.6,40,1
05231,23,40.9377,141.2117,3.2,8.9,20,1
05233,18,37.1908,141.1953,4.9,21.0,40,1
05235,12,35.1952,140.5497,4.7,58.5,39,1
05237,03,38.5475,141.0212,4.2,105.2,40,1
05239,00,35.1393,135.6878,3.3,5.6,20,1
05240,02,36.8005,140.5467,4.2,8.4,20,1
05241,19,34.8477,135.6235,4.0,11.5,20,1
05243,10,43.2698,146.2752,4.4,45.8,39,1
05244,03,42.7663,142.0022,0.0,38.9,17,1
05245,03,42.5493,141.9340,4.4,30.3,15,1
05250,05,42.6238,141.9692,4.1,36.1,25,1
05251,06,42.7867,141.9812,3.9,38.9,19,1
05254,09,42.7073,141.9908,3.8,33.7,20,1
05256,14,42.7933,141.9822,4.2,34.9,21,1
05258,22,42.6123,141.9530,4.0,29.7,20,1
05259,23,42.7795,142.0042,4.1,34.4,24,1
05263,04,42.6180,141.9660,4.1,36.4,27,1
05268,05,42.5902,141.9487,3.8,27.6,20,1
05269,04,37.7760,141.0942,4.0,70.6,39,1
05271,22,41.2480,142.3752,5.0,47.4,40,1
05272,01,42.6120,141.9495,4.2,31.1,40,1
05274,09,42.8042,141.9882,4.3,36.0,40,1
05276,14,36.7412,140.6087,4.9,6.5,20,1
05277,17,36.7255,140.6085,4.2,7.8,20,1
05279,18,36.7097,140.6072,3.7,8.2,20,1
05280,01,38.4712,141.5993,5.0,57.0,39,1
05282,07,42.6413,141.9948,4.2,36.5,40,1
05283,09,36.8000,138.0988,3.5,7.8,20,1
05284,00,36.4502,140.6105,4.1,55.5,40,1
05285,18,42.6358,141.9978,4.3,41.4,40,1
05287,18,42.7707,142.0007,4.2,35.4,40,1
05288,12,36.4290,141.0877,4.6,45.8,40,1
05291,17,34.0218,135.1515,3.1,5.9,20,1
05295,05,32.5863,130.6312,3.7,10.7,20,1
05296,20,35.2503,140.5327,4.3,47.3,38,1
05298,20,38.2712,141.8980,4.7,45.8,41,1
05302,09,36.8030,141.3633,5.0,41.5,40,1
05308,11,39.6317,142.1047,4.1,48.5,39,1
05311,18,33.9217,134.5737,4.1,42.1,40,1
05312,11,41.3368,143.2227,5.7,10.7,40,1
05313,20,36.4423,141.0068,4.5,45.8,40,1
05314,17,33.8662,135.4080,4.0,48.0,40,1
05320,22,39.4888,140.4233,3.0,9.8,20,1
05321,01,39.2633,141.7188,4.6,61.9,40,1
05324,23,37.3430,141.5603,5.0,45.4,40,1
05325,03,42.9537,145.4370,5.0,49.6,16,1
05326,14,31.8377,130.2890,4.2,7.4,26,1
05331,20,35.1757,136.5632,5.5,7.8,40,1
05332,07,34.9633,139.1735,5.0,6.1,14,1
05333,15,34.9808,139.1833,4.7,3.1,14,1
05334,06,34.9587,139.1920,4.7,9.2,14,1
05336,11,34.9607,139.1758,5.9,4.7,14,1
05338,16,28.2685,129.4795,5.2,57.5,8,1
05339,22,34.5805,136.1263,4.3,40.5,39,1
05340,23,36.1538,140.0983,4.7,67.7,40,1
05342,09,36.2367,137.6513,4.6,4.3,40,1
05344,03,36.3282,137.6257,5.6,3.2,37,1
05346,08,35.6330,140.0293,5.3,64.6,40,1
05348,20,28.2930,129.3250,4.8,15.3,10,1
05349,21,35.6303,140.0385,4.7,80.0,40,1
05350,04,38.0155,141.5507,5.2,83.1,38,1
05352,09,30.5685,131.2900,6.6,40.0,22,1
05355,12,32.9372,131.0192,4.8,10.2,33,1
05359,01,34.0997,139.0073,5.2,14.0,40,1
05360,21,36.4560,140.6220,5.2,59.5,40,1
05364,02,34.4250,133.1943,4.5,19.8,34,1
05366,14,36.5895,138.1933,4.2,7.0,38,1
05367,06,34.0468,133.5028,4.6,13.1,37,1
05368,03,36.0593,135.7942,5.0,15.0,39,1
05370,21,35.1130,137.0265,4.8,44.9,40,1
05371,22,36.6407,139.4300,4.2,9.5,40,1
05372,19,35.8680,137.5882,3.7,7.5,40,1
05375,19,32.9895,131.1777,4.0,12.1,32,1
05381,01,42.5237,140.8227,3.6,8.0,26,1
05383,03,42.5193,140.8263,4.1,6.5,26,1
05385,08,42.5282,140.8470,3.8,4.7,27,1
05389,10,42.5283,140.8222,3.2,4.7,23,1
05390,10,42.5375,140.8058,3.0,4.3,23,1
05393,10,42.5185,140.8453,3.0,5.7,21,1
05397,12,42.5278,140.8467,3.8,5.7,26,1
05398,13,42.5227,140.8465,3.9,5.5,25,1
05399,13,42.5423,140.8193,3.3,2.1,16,1
05400,13,42.5223,140.8200,3.9,6.2,26,1
05402,14,42.5308,140.8163,3.4,5.3,24,1
05403,14,42.5153,140.8252,3.2,5.8,26,1
05404,15,42.5318,140.8505,3.2,5.2,25,1
05405,16,42.5258,140.8202,3.2,4.0,26,1
05406,17,42.5123,140.8255,3.0,6.1,26,1
05408,18,42.5105,140.8228,3.6,7.0,25,1
05409,18,42.5133,140.8327,4.2,6.8,25,1
05411,20,42.5238,140.8157,3.6,4.3,25,1
05418,05,42.5243,140.8130,3.1,5.1,27,1
05419,07,42.5173,140.8135,3.8,7.1,27,1
05425,18,33.3210,131.4865,4.2,10.9,25,1
05427,18,32.6845,130.7585,4.0,10.3,29,1
05429,15,31.0430,131.6305,6.0,36.0,24,1
05430,11,34.1010,139.4650,4.0,10.5,45,1
05433,15,34.1033,139.4368,4.8,11.5,40,1
05434,16,34.1072,139.4278,4.5,12.0,41,1
05437,17,34.1045,139.4375,3.6,11.8,44,1
05441,03,34.1022,139.4377,4.4,14.1,37,1
05448,12,34.2378,139.1723,5.1,12.7,39,1
05449,12,34.1923,139.1422,4.2,12.1,41,1
05450,13,34.1392,139.3365,5.5,17.1,37,1
05451,13,34.1267,139.3647,5.2,18.0,39,1
05452,15,34.1330,139.3605,5.7,19.0,40,1
05453,17,34.1313,139.3640,4.7,19.4,40,1
05454,18,34.1470,139.3435,4.9,19.6,40,1
05458,09,34.1888,139.2937,4.6,19.5,55,1
05459,18,34.1903,139.2475,4.6,15.8,40,1
05460,00,34.1668,139.3158,4.5,20.6,41,1
05461,08,34.1615,139.3473,5.1,18.0,35,1
05462,04,34.1912,139.2543,5.1,19.7,38,1
05465,09,34.1610,139.3615,4.9,15.8,40,1
05466,10,34.1302,139.3342,4.7,19.8,35,1
05467,11,34.1527,139.3477,4.8,17.3,36,1
05470,13,34.1397,139.3722,4.5,18.6,33,1
05471,15,34.1195,139.3440,5.7,17.9,34,1
05480,22,34.1868,139.2292,4.3,13.2,23,1
05484,03,34.2112,139.2495,5.2,16.5,33,1
05485,03,34.2092,139.2308,5.2,17.3,41,1
05488,15,34.2050,139.2455,4.7,17.0,40,1
05489,22,34.1843,139.2810,4.8,18.0,40,1
05490,00,34.2142,139.2413,4.9,16.7,40,1
05491,01,34.2220,139.2927,5.5,12.0,39,1
05493,03,34.1950,139.2722,4.4,15.6,39,1
05497,01,34.1720,139.2750,4.7,18.1,38,1
05499,17,34.2000,139.2243,4.5,16.8,25,1
05501,20,34.1308,139.2437,4.6,14.0,21,1
05502,20,34.2008,139.2527,4.8,15.6,25,1
05503,22,34.1975,139.2575,5.0,15.4,25,1
05505,04,34.1945,139.2740,5.2,15.8,25,1
05506,12,34.1958,139.2863,5.3,18.1,31,1
05507,14,34.1702,139.3350,4.5,15.8,23,1
05509,15,34.1783,139.2453,4.8,9.9,31,1
05510,16,34.3720,139.1928,4.4,6.9,40,1
05511,21,34.1707,139.3057,4.4,17.3,40,1
05512,23,34.1453,139.3053,4.8,14.5,39,1
05515,03,34.1777,139.2628,5.0,13.3,37,1
05516,19,34.1968,139.2785,5.4,10.3,34,1
05517,03,34.1675,139.3277,5.5,14.6,49,1
05519,05,34.4065,139.2313,4.3,7.0,12,1
05520,06,34.1527,139.2945,4.6,15.3,34,1
05521,10,34.4148,139.2620,4.8,7.2,39,1
05522,10,34.4120,139.2540,4.4,9.8,38,1
05524,21,34.1652,139.3382,5.0,16.2,39,1
05525,20,34.2282,139.1737,4.8,9.2,35,1
05527,20,34.2362,139.2490,4.2,13.9,40,1
05529,21,34.2102,139.1763,4.8,10.2,38,1
05530,06,34.1577,139.3015,5.3,14.0,40,1
05531,06,34.1315,139.3700,4.1,12.6,28,1
05534,12,34.2187,139.2522,4.4,13.1,27,1
05536,12,34.1740,139.2633,4.7,16.8,32,1
05539,13,34.2103,139.2280,4.0,16.8,39,1
05540,23,34.2118,139.2540,4.6,15.4,37,1
05541,03,34.2280,139.2518,4.1,13.8,38,1
05542,11,34.2233,139.2472,4.4,12.6,26,1
05543,16,34.2305,139.2045,4.7,14.7,26,1
05544,19,34.2273,139.2368,4.6,16.9,27,1
05546,00,34.2043,139.2333,4.5,14.2,29,1
05548,12,34.1873,139.3155,4.9,14.3,37,1
05553,06,34.1633,139.3427,5.4,15.3,26,1
05554,06,34.1595,139.2545,5.1,15.4,24,1
05560,18,34.1440,139.3275,5.3,15.9,28,1
05561,02,34.3783,139.1952,3.3,7.0,24,1
05564,03,34.1292,139.3690,5.1,16.5,38,1
05566,19,34.2040,139.2055,4.3,11.5,38,1
05571,00,34.1802,139.2355,5.1,14.5,44,1
05573,22,34.1658,139.3463,4.8,15.8,37,1
05575,06,34.5152,139.2328,4.4,10.2,34,1
05576,07,34.5283,139.2248,3.9,9.3,38,1
05578,19,34.1833,139.3472,4.9,15.0,41,1
05581,16,34.1918,139.2583,4.4,18.1,28,1
05585,19,34.2148,139.2370,4.8,14.5,37,1
05587,19,34.2197,139.2540,4.3,12.5,24,1
05589,20,34.1803,139.3212,5.1,15.1,38,1
05591,20,34.2160,139.2375,4.4,15.1,40,1
05593,20,34.2152,139.2290,4.7,13.5,29,1
05594,20,34.2193,139.2488,4.3,12.7,28,1
05598,21,34.2245,139.2227,4.3,15.0,39,1
05599,22,34.2218,139.2350,3.6,15.0,37,1
05600,23,34.3307,139.1890,3.4,2.4,18,1
05601,23,34.2198,139.2278,4.1,14.3,24,1
05602,23,34.2300,139.2218,4.9,14.6,40,1
05603,00,34.2357,139.2142,4.2,14.3,40,1
05604,00,34.2343,139.2248,4.7,11.6,27,1
05606,02,34.2365,139.2165,4.6,13.6,41,1
05607,03,34.3283,139.1982,3.6,4.3,33,1
05609,03,34.2162,139.2145,4.3,10.7,25,1
05610,03,34.2350,139.2425,4.2,12.8,27,1
05614,08,34.2543,139.1825,4.4,11.0,28,1
05615,03,34.2177,139.2352,4.9,14.6,39,1
05617,20,34.1960,139.2863,4.7,14.5,41,1
05620,12,34.2362,139.2047,4.6,11.5,37,1
05621,13,34.2077,139.2300,4.7,14.5,38,1
05623,17,34.2923,139.1278,4.6,7.9,39,1
05624,03,34.1903,139.2535,4.7,13.8,38,1
05626,23,34.1563,139.3212,4.6,13.7,39,1
05628,00,34.1685,139.2833,5.0,13.9,35,1
05634,04,34.1368,139.3600,4.8,15.2,31,1
05635,04,34.1208,139.2820,4.4,16.0,19,1
05637,04,34.1622,139.2958,4.4,16.8,25,1
05640,06,34.1635,139.4045,4.7,0.0,19,1
05641,11,34.1872,139.3612,4.7,6.3,23,1
05644,22,34.3763,139.2370,3.4,2.5,24,1
05646,05,34.2972,139.1743,4.5,7.6,37,1
05648,21,34.5002,139.2078,4.2,12.2,41,1
05649,23,34.1007,139.3730,5.0,18.5,29,1
05650,00,42.2012,142.5503,4.8,29.9,23,1
05651,13,34.5355,135.6478,4.1,8.3,36,1
05655,11,32.6978,130.7703,4.0,8.8,30,1
05656,08,35.5337,139.7065,4.6,86.0,40,1
05657,14,29.3915,129.4428,5.0,27.0,29,1
05658,12,29.3883,129.4613,4.4,24.4,19,1
05661,22,35.1842,133.4240,4.2,5.3,20,1
05663,08,35.3855,133.2853,3.8,7.7,21,1
05665,13,35.1393,133.1502,5.6,6.8,39,1
05666,20,35.3638,133.3145,4.3,7.3,21,1
05667,21,35.3723,133.3072,4.4,9.9,33,1
05671,09,29.4103,129.4448,4.4,23.0,32,1
05672,04,34.3985,139.2043,4.9,12.6,37,1
05673,16,35.3580,133.2935,4.6,9.0,36,1
05676,14,24.4830,123.7497,3.7,9.1,5,1
05682,19,44.4687,147.4093,6.1,141.3,33,1
05683,11,35.3877,137.1172,4.8,48.1,45,1
05684,13,33.5887,132.3573,4.7,46.4,37,1
05685,08,35.4660,134.4900,5.6,10.6,38,1
05686,14,34.2098,139.0772,3.0,8.4,39,1
05687,17,29.4128,129.3462,4.6,15.2,29,1
05688,14,33.9055,134.4942,4.5,13.2,40,1
05689,09,35.4217,133.2967,4.5,11.0,40,1
05690,07,34.7933,137.5488,5.0,32.3,38,1
05691,19,34.0347,132.7293,4.5,46.9,40,1
05693,04,40.6130,141.9212,5.6,63.4,39,1
05697,08,36.1755,139.8077,4.7,55.6,40,1
05701,05,40.9955,142.4365,6.4,37.7,39,1
05703,07,27.7820,141.7715,5.9,41.0,32,1
05705,18,34.8677,137.1255,4.3,15.8,40,1
05706,01,33.8305,135.4243,4.3,25.0,37,1
05707,05,28.3038,129.4428,4.4,32.8,12,1
05708,13,34.3630,139.1535,4.7,6.9,36,1
05710,03,35.4528,135.8925,4.5,6.7,20,1
05711,05,34.7172,139.4100,2.2,0.0,33,1
05713,16,39.3193,142.4127,5.5,46.3,32,1
05719,20,35.4638,140.4063,4.8,31.5,26,1
05721,09,34.3837,139.2517,4.8,8.1,39,1
05722,09,34.3493,139.2287,3.7,8.7,26,1
05726,21,35.9988,140.1240,4.8,65.5,39,1
05728,09,36.1288,136.1772,4.7,11.5,20,1
05730,01,38.6067,141.1432,3.6,7.8,20,1
05732,19,33.3488,132.3565,4.9,42.7,40,1
05733,13,36.3020,136.6735,4.7,7.7,18,1
05735,22,34.0628,139.3890,5.1,15.9,39,1
05736,07,37.6877,141.7835,5.9,41.2,32,1
05737,12,36.0902,139.8557,5.0,47.3,39,1
05739,13,31.9972,130.2633,4.9,10.3,40,1
05741,10,36.5387,140.8492,4.4,52.9,40,1
05742,00,35.8688,140.0857,5.3,46.9,39,1
05743,23,35.7385,140.6507,5.3,47.3,35,1
05744,03,35.8672,137.5958,4.7,7.2,20,1
05745,22,38.8888,141.5975,4.6,75.6,37,1
05746,00,38.9507,141.6618,4.9,68.5,32,1
05747,10,35.9412,137.5290,4.2,8.0,20,1
05748,18,36.8415,141.2623,5.1,76.9,40,1
05749,02,34.9103,136.8462,4.1,17.5,20,1
05750,08,35.8610,137.5782,4.1,7.2,20,1
05751,07,38.4175,141.1890,4.0,12.4,20,1
05753,07,38.4468,141.1723,4.2,14.8,20,1
05754,07,38.4650,141.1937,4.0,14.1,20,1
05755,08,38.3905,141.2138,4.0,13.2,20,1
05756,10,38.4508,141.1678,4.0,12.2,20,1
05757,11,38.4473,141.1862,3.8,13.8,20,1
05758,14,38.4033,141.1955,3.7,11.7,20,1
05759,14,38.4613,141.1648,3.8,12.3,20,1
05760,15,38.4862,141.1972,3.9,11.7,20,1
05764,19,38.4258,141.2100,3.5,11.4,20,1
05765,04,38.3845,141.1640,3.6,10.8,20,1
05767,09,38.5197,141.2265,4.6,10.8,20,1
05770,13,29.1750,129.0795,5.2,7.0,12,1
05773,15,42.1888,144.7763,6.1,27.4,39,1
05774,17,42.7352,144.3418,5.2,59.2,40,1
05775,07,42.1910,142.9690,5.2,50.7,40,1
05776,11,42.3597,144.5530,6.5,42.5,38,1
05780,18,42.5653,144.6698,6.4,51.4,40,1
05781,08,42.2530,144.7605,5.9,27.7,40,1
05782,16,35.6137,140.0498,5.1,73.9,40,1
05784,10,37.8322,142.6960,6.8,33.4,29,1
05786,03,36.4325,141.1652,5.8,48.4,39,1
05787,20,34.2100,139.2218,4.4,14.5,30,1
05789,21,42.3170,143.0025,5.3,52.3,40,1
05790,12,31.9742,130.3305,4.8,10.1,39,1
05791,12,34.5597,134.2980,4.6,14.9,20,1
05792,12,38.1440,137.9318,4.4,26.8,39,1
05796,00,34.2793,139.1785,3.4,11.1,35,1
05798,14,34.2157,136.7143,5.4,37.5,37,1
05799,16,36.3978,137.9788,4.0,7.5,20,1
05801,15,40.1437,141.8955,5.3,63.4,32,1
05804,03,42.8322,144.9942,5.8,47.3,40,1
05807,23,43.7377,144.7013,4.8,0.0,20,1
05808,02,40.0330,142.1987,4.6,54.7,32,1
05810,20,36.0803,139.8852,4.7,48.2,39,1
05813,03,35.6157,140.0555,4.6,75.2,40,1
05814,20,37.0825,141.4613,5.0,72.6,32,1
05817,08,35.9333,136.3782,4.8,12.4,20,1
05818,18,37.2625,138.9017,4.4,1.0,13,1
05819,18,37.2902,138.9218,3.8,10.1,11,1
05820,18,37.2215,138.8780,4.7,10.5,16,1
05821,18,37.2817,138.8755,4.4,18.1,15,1
05822,18,37.3942,138.9542,4.8,9.0,12,1
05823,18,37.2158,138.8465,4.4,9.7,20,1
05824,18,37.2210,138.8323,4.6,11.3,23,1
05826,18,37.2743,138.9572,3.9,8.0,21,1
05827,18,37.2743,138.8978,3.8,13.0,20,1
05830,18,37.2368,138.8972,3.9,6.8,20,1
05831,18,37.3268,138.9207,4.3,13.5,17,1
05832,19,37.3540,138.9117,4.7,15.3,20,1
05835,20,37.2313,138.8342,3.6,11.1,20,1
05836,20,37.2120,138.7982,4.5,9.7,20,1
05838,21,37.2728,138.9430,5.0,14.6,20,1
05840,22,37.2745,138.9345,4.4,17.5,18,1
05841,22,37.4225,139.0032,4.2,13.2,20,1
05843,04,37.2863,138.8462,3.1,17.1,20,1
05844,09,37.2165,138.8925,4.8,12.2,20,1
05846,17,37.2873,138.9125,3.9,10.8,20,1
05849,06,37.3183,138.9558,4.9,14.3,20,1
05850,20,37.2313,138.8328,3.9,10.3,20,1
05852,10,37.3512,138.9132,4.3,14.0,20,1
05853,10,37.2638,138.9828,5.1,11.5,19,1
05855,12,37.3943,138.8768,4.4,4.2,20,1
05856,15,37.3998,138.8935,4.0,2.3,20,1
05857,21,37.3033,138.9850,4.3,10.6,20,1
05858,04,37.2118,138.9008,5.0,8.5,20,1
05859,00,37.2182,138.9097,4.1,8.5,20,1
05860,03,33.0775,130.5438,4.2,14.2,40,1
05863,22,37.3498,138.8922,4.4,12.6,20,1
05864,01,37.2520,138.9077,3.3,6.0,20,1
05867,11,37.3825,139.0390,4.7,2.2,20,1
05869,19,42.0803,144.4855,6.3,38.6,40,1
05871,07,42.3258,143.0802,5.6,51.3,39,1
05872,03,42.8837,145.2357,6.0,45.6,39,1
05873,21,37.3948,138.9528,4.5,10.5,20,1
05874,22,38.9420,141.6317,5.0,73.0,34,1
05876,18,35.3117,136.8508,4.7,12.6,20,1
05878,15,32.6378,130.8430,4.1,7.7,40,1
05879,21,37.3707,138.9968,4.7,7.6,20,1
05884,15,33.7253,130.1768,5.4,10.5,38,1
05886,02,37.3728,141.7542,5.3,44.0,32,1
05887,00,33.7078,130.2365,4.0,4.9,40,1
05888,20,33.6685,130.2822,5.0,4.7,38,1
05889,06,33.6798,130.2892,4.7,12.5,36,1
05891,00,36.6620,138.2965,4.1,3.6,20,1
05892,01,33.6703,130.3205,5.0,11.4,40,1
05896,11,31.3062,131.5452,5.8,28.6,40,1
05897,12,37.5710,138.8652,3.3,16.6,20,1
05900,19,37.2147,138.8323,4.3,11.4,20,1
05902,19,36.1262,139.8463,5.0,51.1,39,1
05903,14,35.5527,138.9610,4.4,22.4,20,1
05905,11,43.7097,146.3980,6.0,102.9,40,1
05906,16,36.0393,139.9375,5.1,47.1,39,1
05907,22,37.0797,141.1205,5.6,52.0,32,1
05908,12,33.8242,135.0835,4.3,45.0,32,1
05909,01,37.4373,138.4780,4.8,27.7,40,1
05911,11,35.2307,136.8402,4.8,43.0,39,1
05913,15,36.1878,140.0273,4.3,52.4,38,1
05915,00,32.0833,129.8798,5.1,11.6,39,1
05916,23,35.6885,136.4227,4.4,13.7,20,1
05919,02,34.9415,139.1958,5.8,7.1,13,1
05920,23,38.7027,141.8212,4.6,66.3,32,1
05922,01,34.2243,135.2210,4.5,3.2,20,1
05923,11,42.7020,143.4215,4.7,85.5,40,1
05925,06,38.3912,140.7425,4.3,11.4,20,1
05926,17,34.3527,139.1565,4.8,10.7,36,1
05927,18,34.3313,139.1713,2.9,5.8,38,1
05929,07,33.5062,131.8847,5.3,70.1,32,1
05931,23,42.3303,143.1207,4.8,48.5,40,1
05933,03,28.5167,130.1535,6.0,29.9,13,1
05935,05,37.8732,138.1597,4.9,14.5,40,1
05937,07,43.2605,146.2593,5.0,46.0,33,1
05938,18,37.2668,138.9198,4.8,13.3,20,1
05939,09,41.7318,143.7227,6.2,40.1,39,1
05940,21,40.0895,140.3048,4.2,15.5,20,1
05942,09,37.2020,136.6653,4.7,6.4,18,1
05943,09,37.3138,136.7070,4.5,4.5,31,1
05945,07,37.1668,136.4893,5.3,0.0,30,1
05947,13,37.2820,136.6832,4.7,6.8,35,1
05950,00,42.6707,141.9467,5.6,126.2,39,1
05952,09,33.8893,133.5847,5.3,39.1,33,1
23563,16,37.0955,140.4887,2.2,7.8,20,0
23584,23,37.0502,140.7933,2.9,7.6,20,0
23591,02,37.0382,140.5858,2.9,7.3,20,0
23595,03,37.1945,141.7472,3.9,26.7,31,0
23603,10,38.3943,141.7742,3.7,57.8,30,0
23607,11,36.8180,138.6353,2.6,0.0,20,0
23628,16,37.0003,140.7375,3.0,7.2,18,0
23630,16,38.7763,141.9587,3.0,36.8,30,0
23642,21,37.4715,141.3315,3.2,27.9,35,0
23647,23,34.4887,139.2110,2.1,9.3,30,0
23666,08,36.9645,138.5843,1.3,5.7,20,0
23680,17,37.0183,140.6895,3.5,7.4,20,0
23683,17,37.0960,140.8325,3.1,7.5,20,0
23705,06,37.1140,140.7780,1.7,5.5,18,0
23707,07,37.1040,140.6337,3.2,12.5,20,0
23709,08,38.4610,142.1110,2.8,38.6,28,0
23726,18,37.1142,140.7767,1.9,5.5,20,0
23732,22,38.3340,141.7512,4.1,57.4,25,0
23735,23,37.0852,140.5770,2.3,7.1,20,0
23737,01,38.3432,141.8847,3.8,63.1,26,0
23739,02,37.0250,138.6917,2.2,9.6,19,0
23741,02,37.0285,138.6907,1.8,9.5,17,0
23749,12,38.7538,142.0248,3.3,39.4,17,0
23758,18,38.3258,140.6950,2.3,13.0,20,0
23759,21,39.1673,142.3927,4.1,26.4,33,0
23788,14,37.0180,140.5497,2.2,5.7,20,0
23798,23,37.0505,140.7907,2.6,8.8,20,0
23813,07,36.3702,138.5517,1.6,0.0,20,0
23821,11,38.0293,141.8822,3.7,49.4,34,0
23824,11,39.5697,140.3888,1.8,4.5,20,0
23836,19,36.9703,140.5800,3.0,7.7,20,0
23873,03,35.9040,139.8155,3.4,77.3,33,0
23904,07,37.1443,140.8662,2.3,6.7,20,0
23912,13,36.9925,140.7313,3.0,9.9,20,0
23915,18,37.0513,140.7928,2.9,7.1,20,0
23927,07,37.0547,140.7965,2.7,8.7,20,0
23931,11,38.1655,141.6780,3.5,50.4,28,0
23944,02,36.7753,140.5525,3.1,8.9,20,0
23954,14,37.1102,140.6932,2.4,5.9,20,0
23967,00,35.6785,140.9358,3.1,19.9,27,0
23970,05,33.0258,130.7337,3.0,11.6,20,0
23971,06,39.6732,142.1220,3.4,47.6,30,0
23980,17,31.8825,131.0803,2.5,8.6,20,0
23992,07,33.0577,130.8398,2.4,11.4,20,0
23995,08,34.8278,136.4147,3.4,42.7,34,0
24016,21,37.0620,140.5940,3.0,7.9,19,0
24020,23,37.0872,140.7027,2.9,7.7,20,0
24021,23,37.0867,140.7053,2.9,8.0,20,0
24038,13,39.0253,141.7187,3.5,67.0,30,0
24041,20,38.4023,141.7755,3.8,57.5,36,0
24056,12,36.8840,140.6757,3.4,10.5,20,0
24058,14,38.2848,141.7957,3.8,54.1,30,0
24060,17,37.7425,139.9218,2.7,8.5,20,0
24070,03,35.7973,137.3880,2.7,11.3,20,0
24072,05,37.8255,142.6480,4.3,23.3,28,0
24095,10,35.7423,140.9395,3.5,11.5,30,0
24098,12,36.8407,139.3413,2.3,4.9,20,0
24117,11,38.3188,140.6900,2.4,12.0,20,0
24127,19,39.0427,142.4253,3.7,31.0,30,0
24158,10,36.9893,140.5642,3.1,4.1,20,0
24169,00,35.7560,140.6635,3.0,47.2,39,0
24172,02,37.2885,141.2657,3.1,36.5,34,0
24184,14,36.1282,139.8475,3.0,49.5,37,0
24198,06,38.1782,141.6840,3.9,50.9,28,0
24212,18,39.1388,142.4173,4.1,33.8,30,0
24236,18,37.1095,140.8228,2.4,6.5,20,0
24238,20,38.1698,141.7103,3.7,49.8,29,0
24256,06,35.7297,140.8692,3.5,12.8,20,0
24257,07,36.6502,140.9872,3.1,47.6,36,0
24266,13,37.1107,140.7677,1.9,4.5,20,0
24307,15,36.6998,140.6258,2.8,6.6,20,0
24315,01,37.0637,141.3607,3.3,29.1,29,0
24329,19,38.2963,142.2297,4.0,39.7,28,0
24333,22,38.5335,142.0553,3.5,34.1,35,0
24348,23,39.5245,140.4203,1.6,8.9,20,0
24364,18,42.2810,142.9125,3.2,10.7,19,0
24377,06,37.1097,140.8293,2.1,6.4,20,0
24380,08,38.5425,141.7200,3.4,53.7,36,0
24383,10,38.9152,140.8622,2.9,6.5,20,0
24387,14,38.5708,142.0227,3.5,40.1,35,0
24415,02,37.0618,140.4855,2.3,7.2,17,0
24421,12,35.7830,140.9808,3.6,12.9,31,0
24426,01,32.9550,131.0945,2.4,7.3,20,0
24430,04,36.9423,138.5285,3.0,6.6,20,0
24437,13,36.8568,140.6600,3.5,11.2,20,0
24447,08,35.6280,140.9252,3.8,15.5,34,0
24464,12,37.0648,140.5480,2.6,6.6,20,0
24475,08,37.1215,138.5885,1.9,15.7,20,0
24479,12,39.5013,140.2467,2.1,8.7,20,0
24504,21,38.2433,141.6200,3.6,62.1,36,0
24515,15,37.6472,141.5967,3.7,44.8,37,0
24533,21,36.9148,140.7140,3.0,10.4,20,0
24534,22,38.3183,140.6928,2.7,12.4,20,0
24540,06,37.1627,141.2043,3.5,31.2,34,0
24545,12,37.1090,140.5922,2.5,7.5,20,0
24553,16,34.3490,133.4163,3.3,16.4,20,0
24563,07,39.1805,142.3870,3.9,30.2,37,0
24575,16,37.0985,140.8425,2.5,7.3,20,0
24587,10,35.7890,141.8327,4.1,32.0,34,0
24589,10,38.8387,142.1643,3.5,42.4,36,0
24619,17,39.5110,140.2513,1.7,8.4,20,0
24626,04,36.6677,140.8123,3.2,26.4,35,0
24634,14,36.0172,139.9415,1.7,31.6,30,0
24637,19,36.9312,140.6707,3.6,5.3,20,0
24645,06,37.1215,140.7937,1.9,2.2,20,0
24659,10,38.7372,142.2360,4.0,33.3,35,0
24672,18,37.2372,139.0760,2.4,0.0,20,0
24688,06,37.1183,140.8408,2.6,7.1,20,0
24714,11,37.0265,138.7100,1.7,8.7,20,0
24715,12,38.3363,141.8895,3.5,62.5,35,0
24727,01,37.0452,138.7028,1.7,10.2,20,0
24730,03,34.1023,139.5357,2.1,0.0,18,0
24741,08,40.3767,142.2698,3.9,40.1,38,0
24743,09,36.8858,141.0605,3.4,49.8,38,0
24755,05,36.9950,141.1572,3.3,30.1,39,0
24756,05,37.0198,138.6948,1.5,9.7,20,0
24770,05,35.5142,140.1390,2.8,22.4,20,0
24794,18,35.4542,140.9090,3.2,22.7,26,0
24803,17,38.0360,142.8033,4.3,17.6,33,0
24822,23,37.0933,140.8167,2.6,8.1,20,0
24837,15,38.4627,141.9035,3.2,55.0,36,0
24848,06,39.1137,142.4308,3.9,22.9,35,0
24863,01,39.3343,142.4833,3.9,52.2,38,0
24884,17,39.3528,142.3677,3.6,30.8,38,0
24892,20,43.3455,146.9658,3.9,37.7,36,0
24902,15,38.4495,141.8488,3.6,56.0,36,0
24903,18,36.4447,140.6370,3.2,52.7,34,0
24907,10,35.6905,140.1203,2.7,63.9,28,0
24910,12,36.7940,140.5448,3.1,7.8,20,0
24915,21,35.8732,140.4862,2.9,34.6,38,0
24936,09,38.3213,140.7023,2.2,12.2,20,0
24988,09,37.3512,141.3108,3.8,31.2,39,0
24994,20,35.5643,141.0268,3.9,37.7,34,0
25053,19,40.5672,142.5450,4.4,29.7,37,0
25059,00,38.8352,141.6357,3.2,68.7,38,0
25078,04,38.3082,140.7025,2.3,11.8,20,0
25085,10,37.1202,140.8465,2.8,6.7,20,0
25109,17,37.4287,141.2700,3.6,26.4,38,0
25127,14,36.2037,137.9498,1.8,4.7,20,0
25131,18,31.9105,131.0013,2.5,9.8,20,0
25134,22,37.1048,140.6918,2.5,6.3,20,0
25146,20,36.2153,137.9408,1.4,4.6,20,0
25189,23,37.9535,141.8557,3.9,40.8,33,0
25190,23,36.7878,140.6225,3.2,3.7,20,0
25191,23,37.1000,140.5935,3.4,12.5,20,0
25229,15,37.2910,141.4220,3.1,46.3,35,0
25259,14,38.3682,141.8605,3.4,64.4,38,0
25264,00,36.7845,141.4233,4.0,32.8,32,0
25266,02,38.5638,142.4065,3.9,37.4,39,0
25280,07,38.5427,141.7212,3.3,53.3,40,0
25283,09,37.0978,140.8222,2.3,7.0,17,0
25295,02,38.5840,141.6248,3.4,55.6,40,0
25302,20,36.7140,140.6253,2.4,6.1,19,0
25315,02,38.3343,141.9838,3.9,46.8,40,0
25332,14,36.2108,140.9960,3.3,43.1,34,0
25345,19,27.9835,130.2883,3.4,31.2,19,0
25368,19,36.3695,140.5072,2.8,33.6,35,0
25369,01,38.3172,142.2155,4.3,36.7,40,0
25372,08,39.1218,142.3818,4.0,33.1,40,0
25376,16,36.7002,140.5830,3.0,5.7,20,0
25390,04,37.8085,140.0090,3.0,8.4,20,0
25416,19,36.2037,137.9468,2.1,5.0,20,0
25428,02,36.6038,141.2378,3.7,44.9,40,0
25431,06,36.7183,140.6335,2.7,6.2,20,0
25441,02,39.1567,142.3878,3.5,32.0,40,0
25458,05,36.9987,140.4998,3.1,5.4,20,0
25460,08,38.2710,141.8845,3.7,46.1,32,0
25471,12,39.0497,142.1845,3.6,56.6,39,0
25501,08,35.7683,141.1423,4.0,13.7,31,0
25502,08,39.5938,140.6453,2.6,4.5,20,0
25522,13,38.4077,142.2812,3.6,33.4,33,0
25524,17,38.8502,142.0870,3.8,45.3,38,0
25527,18,37.5410,141.3278,3.5,26.9,38,0
25529,02,36.5267,140.8913,3.3,49.3,35,0
25532,03,41.7435,142.9792,3.5,33.9,30,0
25550,02,39.1200,142.1058,3.6,45.6,38,0
25553,03,36.6495,140.6008,2.1,6.2,20,0
25562,22,37.7983,141.5275,3.8,48.0,37,0
25573,00,30.4962,130.3477,4.1,82.0,35,0
25577,09,34.4378,140.2178,3.9,55.6,30,0
25587,02,35.8325,140.8538,3.3,13.3,36,0
25589,04,37.1237,140.8550,2.4,5.7,20,0
25590,05,37.1192,140.8532,2.3,6.4,20,0
25591,07,36.9502,141.2113,3.2,55.0,34,0
25598,16,36.6878,140.6083,3.1,4.3,20,0
25609,05,35.8552,137.6650,2.5,8.7,20,0
25618,12,36.7275,140.5732,3.3,8.5,20,0
25622,01,38.4317,142.1633,3.6,32.3,39,0
25625,04,36.9593,141.1555,2.7,52.0,39,0
25636,19,38.5575,141.6903,2.8,55.0,39,0
25641,03,36.7878,140.5513,2.8,7.8,20,0
25652,07,36.4577,141.0660,2.9,43.8,38,0
25677,22,36.5143,141.0367,3.5,51.8,33,0
25686,03,37.0128,141.1498,3.2,51.5,36,0
25691,14,37.1262,140.8547,2.8,7.8,20,0
25709,11,39.2810,140.9522,3.0,8.9,20,0
25710,13,36.7215,140.5928,3.1,6.7,20,0
25713,20,23.1922,143.8022,5.9,169.3,68,0
25725,10,39.0883,142.3813,3.4,31.5,35,0
25729,21,35.5275,140.9348,3.5,39.9,33,0
25784,06,39.9880,141.9645,3.3,50.8,40,0
25798,06,39.4523,140.3695,1.7,8.8,20,0
25815,17,37.0760,140.4428,2.0,6.1,20,0
25835,17,35.8195,140.8228,3.8,11.7,34,0
25837,21,35.8658,140.4832,2.9,34.5,35,0
25850,16,36.7943,141.3798,4.1,33.3,39,0
25867,01,36.5825,141.1663,3.3,29.6,37,0
25875,12,39.8740,142.1735,3.8,47.1,39,0
25896,19,36.1635,137.9628,2.4,3.7,20,0
25900,06,39.0848,142.1807,3.1,43.7,38,0
25904,12,36.7925,141.1380,3.5,46.9,39,0
25918,07,38.8333,140.6247,1.8,5.3,20,0
25924,14,43.7250,147.8497,5.0,0.0,38,0
25929,20,39.0885,142.1412,3.2,45.1,40,0
25944,16,36.6840,138.2207,2.5,8.2,19,0
25945,18,36.9980,140.5015,2.9,7.8,20,0
25980,16,42.2575,142.5998,1.7,8.8,19,0
25985,17,42.2638,142.5828,1.8,5.8,20,0
25994,16,34.8820,136.6227,3.1,39.4,40,0
26017,00,38.8548,142.0467,3.6,46.4,39,0
26019,06,35.6117,140.0298,3.6,70.3,39,0
26022,11,37.7908,140.0135,3.1,8.7,20,0
26036,19,36.7135,141.4192,3.7,51.5,33,0
26069,20,37.1268,140.8760,2.4,9.0,20,0
26099,19,40.3697,142.2622,3.4,40.5,40,0
26106,07,36.6992,140.5867,2.8,3.0,20,0
26124,15,42.2517,142.5505,2.0,8.8,20,0
26136,15,40.2115,141.9527,2.9,15.7,40,0
26146,16,42.4952,143.5662,3.3,56.2,39,0
26157,16,40.3052,140.9857,3.0,9.3,20,0
26160,02,37.0837,140.5535,2.3,7.1,20,0
26163,07,24.0930,123.5363,3.8,24.9,17,0
26166,18,36.8123,140.5593,3.1,8.9,20,0
26191,20,36.7365,140.6343,3.0,5.5,20,0
26198,16,36.2898,140.9080,3.1,40.5,34,0
26237,07,36.7183,140.6145,2.6,6.9,20,0
26259,19,36.5410,137.6495,3.1,1.9,20,0
26266,05,37.0600,141.1912,3.2,50.5,35,0
26279,11,36.6840,140.6222,2.5,6.5,20,0
26296,07,38.8375,142.0307,3.3,55.0,39,0
26304,03,37.2863,141.8538,4.0,40.4,36,0
26311,11,37.0187,140.5790,3.0,8.3,20,0
26316,01,36.2032,140.8815,3.3,44.9,37,0
26335,15,37.1283,140.8578,2.4,7.7,20,0
26336,18,36.6437,140.9847,3.8,17.1,33,0
26371,05,39.6015,143.7545,4.8,25.0,38,0
26374,09,36.4890,137.9165,2.0,9.1,20,0
26382,10,35.5803,139.0140,2.3,24.3,19,0
26384,14,39.1272,142.4092,4.2,33.6,37,0
26397,04,39.5702,140.3958,2.5,4.8,20,0
26409,05,35.7143,140.9450,3.4,12.0,31,0
26430,18,37.2852,141.8620,4.2,43.7,36,0
26439,17,36.1205,140.0840,3.4,63.6,34,0
26447,02,37.1190,140.8013,1.9,2.2,20,0
26452,13,43.5460,145.7293,3.1,80.8,29,0
26460,06,37.0248,139.3528,1.3,6.1,19,0
26499,16,37.6602,139.9247,2.2,8.6,20,0
26512,00,38.9123,142.0818,3.2,53.8,40,0
26537,17,35.2538,137.3785,2.8,48.2,35,0
26559,04,36.4398,140.6275,3.6,52.7,37,0
26563,14,36.8822,140.6520,3.4,7.9,20,0
26568,03,39.5805,140.4452,2.7,7.1,20,0
26572,04,34.8590,138.4125,3.0,20.2,20,0
26573,09,32.5597,128.6113,2.9,12.9,34,0
26586,13,31.6188,129.6120,2.7,5.2,36,0
26592,17,36.2262,141.0495,3.5,37.8,35,0
26595,02,36.6785,140.6083,2.5,9.6,20,0
26596,04,36.8127,140.5650,3.7,7.7,20,0
26623,10,39.6215,140.6337,2.7,4.9,20,0
26624,22,39.6012,143.3963,4.7,24.8,35,0
26629,04,35.5228,140.9487,3.7,42.9,36,0
26635,07,37.1648,141.4478,4.3,18.2,38,0
26637,10,36.7052,140.5978,3.1,8.4,20,0
26656,00,37.4415,141.3122,3.3,33.4,38,0
26660,12,38.5468,141.7198,3.1,52.6,32,0
26663,17,37.8080,140.0052,2.6,8.5,20,0
26668,11,39.0892,142.4315,3.8,29.3,40,0
26669,12,35.3280,141.2030,4.6,36.0,37,0
26677,01,36.7313,141.0255,3.3,20.5,35,0
26681,11,36.2588,139.5825,3.7,118.1,34,0
26704,20,35.0723,139.9750,3.5,67.4,37,0
26729,05,39.1940,142.4132,3.5,29.3,40,0
26737,13,33.0532,130.3250,2.7,11.5,20,0
26775,18,36.9730,138.5970,1.9,5.7,20,0
26783,04,38.1135,142.7197,4.6,30.1,36,0
26787,23,38.1115,141.7300,3.9,52.4,39,0
26798,07,35.8637,140.4982,2.9,35.1,35,0
26810,05,36.6483,139.3527,2.8,8.1,20,0
26819,17,33.2908,131.3850,2.5,10.5,19,0
26836,16,28.1303,129.5208,3.6,26.9,16,0
26842,15,37.3480,141.3485,3.5,48.2,39,0
26869,17,36.6667,141.4975,3.9,37.6,39,0
26885,13,36.5302,141.1188,3.8,28.7,34,0
26886,16,38.9427,142.1247,3.1,51.4,40,0
26887,17,36.4588,138.0432,1.9,4.3,20,0
26891,04,23.9765,122.5383,4.7,28.4,18,0
26899,09,35.0120,132.9328,2.0,6.9,20,0
26903,08,37.8040,139.9998,2.6,8.6,20,0
26913,11,37.7890,141.5353,3.7,46.8,40,0
26921,11,37.2747,140.0315,1.7,7.3,20,0
26935,09,36.8365,140.6092,3.5,9.8,20,0
26942,19,35.0122,132.9333,1.9,7.0,20,0
26943,02,30.9228,138.6825,5.1,432.6,82,0
26952,02,36.8847,140.6862,3.4,10.9,20,0
26965,17,36.9715,140.6415,3.5,6.7,20,0
26966,22,36.2407,141.0633,3.6,36.6,37,0
26987,22,37.0727,140.5688,2.2,5.8,20,0
26995,22,37.0643,140.5770,2.4,6.5,20,0
26998,05,35.0755,132.6810,2.9,12.6,20,0
27012,13,36.9955,140.6695,3.4,8.7,20,0
27034,00,36.6713,142.0863,4.7,29.9,38,0
27047,15,42.9335,142.2063,3.5,130.1,40,0
27055,13,38.2765,141.8688,3.7,62.6,39,0
27069,17,39.1532,142.3997,3.6,33.7,39,0
27072,03,38.6957,142.2410,3.9,38.8,40,0
27082,23,39.3868,142.2155,3.7,47.8,40,0
27083,01,36.8760,140.6512,3.3,6.3,20,0
27125,08,36.7867,141.2805,4.2,27.3,34,0
27130,00,38.0070,141.4258,3.6,62.5,40,0
27146,15,35.4787,138.9948,2.7,22.7,20,0
27147,16,37.7253,142.3722,4.4,37.1,40,0
27185,19,35.7307,140.9768,3.1,35.8,34,0
27193,18,40.2942,142.2948,3.6,38.2,40,0
27205,07,37.0867,140.6713,2.8,8.2,20,0
27246,19,44.4603,141.6585,3.1,11.1,37,0
27247,07,36.5867,140.6257,1.7,7.0,20,0
27253,07,38.3165,141.9158,3.6,45.5,40,0
27259,19,39.4283,142.4305,3.9,34.2,40,0
27263,09,35.6857,140.8747,3.1,11.2,32,0
27275,14,42.1228,140.4370,2.6,7.7,20,0
27290,06,36.4880,140.7015,2.8,13.6,33,0
27293,17,43.2098,145.2842,3.7,74.5,39,0
27308,13,33.8673,132.3653,3.1,48.4,38,0
27318,04,36.0710,139.9102,3.1,43.6,33,0
27362,02,31.7592,131.9813,3.5,27.1,38,0
27364,08,36.6313,141.1373,3.6,17.7,33,0
27377,07,42.0010,142.5928,3.8,63.4,39,0
27381,16,38.6168,141.9133,2.9,47.2,40,0
27391,21,37.1312,140.7855,1.5,2.9,20,0
27408,20,35.7882,141.9653,4.8,22.9,32,0
27422,03,35.7028,140.9408,2.8,10.5,31,0
27424,05,35.0792,133.3937,2.6,11.1,20,0
27431,02,36.7445,140.6223,2.9,4.2,20,0
27432,07,39.1032,142.4157,3.9,29.6,39,0
27460,21,35.7688,140.9087,3.1,16.5,22,0
27468,22,35.7863,140.8998,3.4,11.8,28,0
27475,02,44.2317,142.2153,1.3,0.0,20,0
27491,00,35.7092,140.8828,3.1,8.7,20,0
27498,16,36.6150,141.0070,3.2,45.4,31,0
27511,08,32.8142,140.6840,4.5,60.0,25,0
27514,02,39.2573,142.2028,4.1,83.8,40,0
27526,04,32.0518,130.9863,2.6,10.1,20,0
27544,02,38.4390,142.0198,3.3,62.7,40,0
27569,22,39.8290,143.6977,4.8,32.0,34,0
27650,00,37.3412,136.6907,3.0,9.4,28,0
27653,09,36.8268,141.3642,2.7,30.1,30,0
27657,20,36.9322,141.3362,4.0,29.7,39,0
27667,18,36.9312,141.3452,3.8,29.5,40,0
27675,02,36.7145,139.3773,2.3,12.6,20,0
27679,23,39.8543,142.1692,3.8,47.1,40,0
27681,10,35.2618,139.6900,3.1,87.8,35,0
27708,20,34.2503,135.4203,2.1,7.1,20,0
27727,23,36.5868,141.0672,3.8,22.9,39,0
27736,01,38.2722,141.8342,3.8,47.2,40,0
27751,17,35.9317,139.7752,3.4,78.4,32,0
27752,18,34.0573,135.2872,3.0,9.0,20,0
27756,12,31.5855,130.6537,1.6,2.1,19,0
27757,18,38.2715,141.8528,3.4,46.0,40,0
27767,08,34.4263,132.5950,2.8,26.1,20,0
27776,16,35.0508,139.9640,3.0,65.7,38,0
27778,00,36.4728,140.9928,3.7,16.7,33,0
27820,18,38.8645,141.6377,3.3,61.3,40,0
27846,04,32.8873,130.8182,2.6,13.6,20,0
27877,04,39.6685,143.3635,4.5,35.0,40,0
27888,22,39.0615,142.3932,3.7,34.0,39,0
27923,21,38.3947,142.0608,3.7,41.2,40,0
27930,21,35.0138,135.5072,2.6,14.1,20,0
27933,04,35.9788,139.5527,3.5,43.6,40,0
27938,07,36.7970,141.2595,3.6,29.9,33,0
27963,13,35.9985,140.1488,3.0,59.4,35,0
27964,05,32.0647,130.9447,2.8,8.8,20,0
27970,03,37.2107,140.8987,2.9,8.3,20,0
27973,04,26.5528,142.4542,3.4,25.0,3,0
27987,22,36.5983,140.8253,2.7,25.0,34,0
28008,06,33.9602,135.1545,2.8,7.2,20,0
28028,03,32.1465,132.2990,4.1,25.5,38,0
28034,08,35.7383,140.9718,3.2,35.0,38,0
28055,15,33.1305,131.1912,2.9,6.5,20,0
28057,16,33.1312,131.1892,3.0,7.0,20,0
28062,15,38.5082,141.9262,3.5,44.3,40,0
28077,16,40.9430,143.1502,4.4,20.9,37,0
28090,12,32.9907,130.8062,2.5,9.9,20,0
28115,05,35.3327,133.2532,2.7,7.5,20,0
28125,12,36.8257,138.3807,2.6,9.4,20,0
28126,13,36.8205,138.3788,2.0,10.7,20,0
28136,23,39.0733,142.3793,3.4,31.7,39,0
28137,00,39.6062,140.4473,2.9,6.1,20,0
28142,11,35.7307,140.6875,3.2,47.5,34,0
28146,12,35.4835,138.9878,2.8,21.2,20,0
28217,02,35.5298,139.0245,2.8,24.9,20,0
28256,22,37.3255,141.8128,3.9,42.6,37,0
28273,11,36.8210,138.3805,2.8,10.2,20,0
28281,18,36.5572,140.9067,3.3,49.0,35,0
28332,03,35.1890,137.1723,3.2,44.5,35,0
28341,21,37.4560,141.5627,3.6,45.7,38,0
28352,01,36.4938,137.9175,2.0,8.8,20,0
28363,19,29.2815,129.2408,2.4,16.2,13,0
28370,03,40.2107,142.3248,4.1,38.6,40,0
28377,00,39.4150,142.0902,3.6,57.0,40,0
28378,10,37.0840,139.3035,2.3,6.8,20,0
28403,11,35.9857,140.2592,3.3,40.6,30,0
28406,03,37.7885,140.0012,3.0,8.2,20,0
28435,02,36.5715,140.5920,2.7,18.9,20,0
28440,01,33.8420,134.9823,3.0,10.0,20,0
28453,10,34.5362,139.3425,2.9,14.0,36,0
28463,12,36.2595,137.6992,3.0,4.6,20,0
28467,08,35.9625,137.6363,1.9,5.2,20,0
28476,22,41.1573,142.3822,4.0,65.0,40,0
28477,04,33.9612,135.1727,2.5,6.6,20,0
28488,04,38.7023,141.7962,2.9,53.2,38,0
28504,08,38.9605,142.3415,3.4,34.1,40,0
28507,13,33.5548,135.1742,3.9,43.0,39,0
28535,10,39.7688,143.6393,4.7,20.0,37,0
28550,10,39.6500,143.6905,4.7,24.0,35,0
28553,17,36.2862,140.9438,3.2,37.6,33,0
28556,21,34.3623,139.2308,1.6,3.2,31,0
28578,09,36.8695,140.5722,3.4,7.5,20,0
28585,13,29.3903,130.0242,3.8,58.4,23,0
28611,06,41.4815,142.0487,3.7,63.4,39,0
28613,11,37.0843,140.7690,2.3,8.7,20,0
28619,01,37.6563,142.4537,4.3,19.2,35,0
28625,01,40.3577,142.0807,3.6,50.7,39,0
28667,16,36.7420,141.2773,3.6,25.6,33,0
28678,22,35.4910,140.3958,2.7,30.5,37,0
28681,05,39.5715,140.3677,2.4,5.2,20,0
28691,17,39.4490,141.8978,3.2,64.8,40,0
28708,16,41.1182,141.6335,3.1,76.0,38,0
28714,01,31.5357,131.8710,3.8,24.5,38,0
28722,03,33.0245,131.9150,2.8,49.7,40,0
28739,23,42.2655,142.5932,2.1,6.3,20,0
28741,06,39.2230,142.3842,4.0,33.4,38,0
28751,00,35.6942,140.9985,3.1,14.7,34,0
28768,14,35.6963,140.9742,3.2,13.9,28,0
28773,03,41.0597,142.8328,4.3,16.2,36,0
28789,03,37.2410,140.9158,2.7,6.6,20,0
28794,20,34.0132,135.2728,2.5,6.7,20,0
28801,00,42.3702,144.3883,4.2,58.5,40,0
28806,04,32.7218,130.0913,2.7,14.9,20,0
28814,05,36.6170,141.0508,3.9,28.5,40,0
28816,16,39.2105,142.3942,3.8,30.7,40,0
28817,00,27.3510,142.9760,5.3,81.0,37,0
28838,12,38.3845,141.9168,3.4,48.4,39,0
28843,10,43.9308,147.8038,5.0,94.0,32,0
28880,10,40.1363,141.7903,2.4,6.7,20,0
28919,15,41.3088,142.6680,4.4,35.8,40,0
28923,20,37.1947,140.8893,3.3,8.6,20,0
28955,00,39.5822,140.5430,2.1,6.2,20,0
28960,05,39.1078,142.1265,3.6,45.5,40,0
28995,20,28.2205,129.4118,3.1,19.4,22,0
29007,08,24.6385,124.7755,3.3,46.3,11,0
29012,11,36.0112,138.0447,2.4,4.5,20,0
29020,00,38.4353,141.8923,3.5,53.9,38,0
29033,07,42.0910,142.7650,3.4,46.7,37,0
29047,17,37.0463,140.5655,2.7,5.9,20,0
29049,03,35.9168,141.0453,3.5,18.4,32,0
29084,06,36.6025,141.0658,3.7,50.8,35,0
29091,01,37.0635,140.6088,2.7,3.3,20,0
29119,09,39.1167,142.9978,4.5,20.3,36,0
29156,15,43.3327,146.8090,4.1,44.9,39,0
29171,19,29.6027,129.7243,2.4,9.2,9,0
29176,18,44.2655,146.8508,4.1,147.4,39,0
29185,09,43.0812,146.8902,4.0,52.0,29,0
29188,00,32.4062,131.8647,2.6,36.6,39,0
29207,16,36.8888,139.4165,2.5,3.6,20,0
29221,18,36.9040,139.3968,2.5,4.9,20,0
29240,17,36.9257,139.3942,2.3,3.7,20,0
29245,02,38.6975,141.7975,3.0,53.1,39,0
29251,11,37.3042,141.4650,3.8,32.8,40,0
29256,04,36.9583,139.3615,2.1,4.3,20,0
29257,06,38.3442,140.9702,3.2,90.3,40,0
29290,16,36.9402,141.2195,3.4,56.8,40,0
29295,01,38.7943,142.0297,3.7,54.4,39,0
29300,01,30.9065,138.8278,5.1,415.2,38,0
29307,23,36.6862,140.6627,2.3,9.8,20,0
29308,09,37.0432,140.6392,3.0,13.3,20,0
29310,11,36.9897,141.3618,3.8,27.4,40,0
29321,03,35.8500,139.5793,3.3,89.2,40,0
29322,08,32.5365,132.1152,3.8,30.8,39,0
29335,18,42.8310,142.7570,3.8,113.4,40,0
29369,17,35.7797,140.8588,3.1,8.4,33,0
29379,09,37.7272,141.7973,4.1,52.1,39,0
29387,16,40.3238,141.3025,2.3,9.9,20,0
29391,17,34.9167,138.0457,2.9,13.4,20,0
29446,18,34.0545,139.3637,3.2,13.5,40,0
29454,20,34.0503,139.3905,2.7,8.1,23,0
29472,17,39.6018,143.3980,4.7,23.6,37,0
29481,18,34.0512,139.4180,2.3,12.9,34,0
29484,01,38.6997,141.7953,3.0,53.5,40,0
29497,04,42.8828,142.8090,3.4,118.4,38,0
29509,01,37.1057,140.4843,2.4,6.1,20,0
29512,14,33.9997,135.2020,2.9,6.0,20,0
29516,22,35.7827,140.8843,3.3,11.2,36,0
29517,22,34.1930,135.1808,2.4,5.5,20,0
29519,11,38.5423,142.0065,3.7,17.5,40,0
29536,17,35.6592,140.0242,3.3,71.0,40,0
29557,04,33.7467,134.2595,2.5,9.6,20,0
29601,05,34.9602,134.7287,2.6,13.0,20,0
29607,15,40.3317,141.9257,3.3,12.5,40,0
29609,03,38.5577,141.9410,3.3,35.6,40,0
29630,02,37.7602,139.9802,3.3,8.2,20,0
29636,00,32.0158,131.5810,2.7,23.2,40,0
29647,17,36.9913,139.4473,2.1,8.0,20,0
29659,09,29.3685,130.4380,4.3,48.0,29,0
29678,08,35.7592,140.9070,2.9,9.2,36,0
29699,07,36.6693,141.1987,3.8,49.1,40,0
29716,17,40.0673,142.2093,3.7,43.6,40,0
29741,20,38.8557,142.0487,3.6,45.8,40,0
29742,01,34.4168,135.8705,2.0,9.9,20,0
29761,18,28.2853,129.0100,3.7,54.2,23,0
29763,10,37.6635,139.9310,2.3,8.9,20,0
29766,03,26.0278,128.5085,4.9,43.6,12,0
29771,06,32.7085,130.6210,2.6,9.4,20,0
29776,03,41.9503,140.9883,2.2,10.1,34,0
29799,15,45.1293,150.5498,4.8,130.0,23,0
29810,03,33.0732,130.4925,2.6,12.6,20,0
29818,16,34.3265,139.1920,1.8,1.4,19,0
29825,22,34.9128,132.0990,3.0,13.4,20,0
29852,12,32.1787,130.5227,3.1,8.3,20,0
29853,13,34.2187,135.2013,1.9,4.3,20,0
29868,22,39.1108,142.4427,3.9,31.3,40,0
29934,22,36.5583,140.9600,3.3,15.6,38,0
29952,18,37.1822,141.6288,3.7,40.2,39,0
29954,16,35.7252,139.4787,2.6,31.0,30,0
29956,05,34.0655,134.3803,3.2,39.4,32,0
29961,13,38.1953,141.9665,3.4,48.8,40,0
30022,19,27.5867,128.7775,3.2,15.9,19,0
30028,02,36.3387,140.9303,3.7,43.0,35,0
30029,03,34.9383,135.5818,2.5,10.7,20,0
30033,22,32.2353,130.4112,2.2,2.2,20,0
30035,09,36.2880,137.6550,2.9,3.0,20,0
30038,17,37.6693,139.9353,2.3,8.2,20,0
30053,04,36.6998,140.6148,2.6,9.0,20,0
30054,07,31.0665,130.4342,3.5,129.7,34,0
30075,05,39.9400,142.4237,3.6,37.0,40,0
30080,22,42.0682,142.9552,3.3,39.1,34,0
30098,09,31.4062,129.4435,3.8,9.5,35,0
30100,11,30.2207,130.5923,2.7,4.9,12,0
30127,14,27.2270,141.6532,4.2,127.0,6,0
30133,17,33.7948,137.5005,4.9,360.1,36,0
30149,15,37.0572,140.7092,3.4,16.8,20,0
30153,23,35.6202,140.9727,3.6,13.6,31,0
30169,09,37.0842,140.6307,2.6,7.0,20,0
30179,06,37.6683,141.7508,3.9,45.8,38,0
30185,16,35.9130,137.7072,2.3,6.4,20,0
30213,22,35.6882,140.2005,3.3,62.8,39,0
30218,01,33.0038,130.7617,2.5,10.2,20,0
30223,17,29.6175,129.9718,2.8,13.0,8,0
30239,01,39.9758,140.4427,2.3,6.4,20,0
30241,18,33.0050,130.7632,2.8,10.6,20,0
30245,19,32.2537,131.6057,2.7,20.1,38,0
30250,21,23.5175,121.5128,6.5,15.4,18,0
30253,07,27.2325,128.5907,3.0,17.4,19,0
30254,06,36.1520,141.0068,3.4,39.2,38,0
30261,04,32.7017,130.0892,2.8,13.8,20,0
30272,23,36.3402,140.7258,3.3,53.9,32,0
30286,13,35.7227,140.6967,3.1,50.0,34,0
30308,05,36.9022,138.5277,2.0,1.1,20,0
30315,08,35.6372,141.0510,3.7,13.3,34,0
30317,03,39.0383,140.5912,2.7,7.0,20,0
30324,18,35.1058,132.7817,3.0,7.1,20,0
30337,14,32.6478,130.8757,1.8,4.7,20,0
30339,16,36.4635,140.9167,3.6,32.8,38,0
30344,09,23.9615,123.5920,3.7,31.8,9,0
30349,07,35.8258,137.1628,1.7,4.5,20,0
30353,16,34.9712,139.0777,2.8,5.7,10,0
30369,17,36.9127,139.3967,2.5,4.1,20,0
30378,01,37.7152,141.9223,4.1,25.8,40,0
30399,14,24.4465,125.4698,3.6,52.9,11,0
30425,20,34.2203,135.1680,1.9,5.4,20,0
30431,06,34.1288,140.3182,3.7,68.8,38,0
30439,15,23.9635,123.5885,4.3,32.4,9,0
30440,17,28.3070,129.5357,3.1,32.1,20,0
30449,09,35.6517,140.6882,3.4,45.6,36,0
30476,10,36.7105,140.5888,3.0,7.4,20,0
30477,10,36.6910,140.6263,2.8,4.8,20,0
30480,11,34.7282,138.5327,2.9,20.6,20,0
30504,09,36.7708,140.5753,3.2,7.8,20,0
30519,11,28.0102,130.2962,3.5,34.2,26,0
30530,21,36.7132,140.6428,2.7,4.7,20,0
30531,03,25.8057,126.6713,3.7,54.0,15,0
30533,13,39.5027,140.4247,2.2,8.6,20,0
30537,02,35.6373,140.6963,3.3,49.4,38,0
30544,10,33.2195,133.4905,3.2,28.9,38,0
30548,16,43.6628,146.6238,4.2,57.6,33,0
30558,18,36.6712,140.6305,2.5,6.2,20,0
30561,18,27.9550,128.9280,3.2,43.8,23,0
30569,17,35.9377,140.8680,3.6,38.5,35,0
30590,12,43.3083,147.2850,4.7,33.9,38,0
30611,06,33.9518,135.4108,2.9,35.6,38,0
30617,11,34.1148,135.1053,2.4,8.3,20,0
30624,19,26.2290,128.3845,4.3,26.1,12,0
30638,14,39.2747,142.2452,3.2,42.0,39,0
30646,17,35.6690,140.0907,3.2,70.3,34,0
30650,08,36.5142,140.6885,3.0,53.9,38,0
30662,19,33.6305,133.0838,3.2,36.4,39,0
30671,10,37.0297,140.6130,3.4,8.3,20,0
30679,06,35.7513,140.6813,3.0,49.5,36,0
30686,14,43.7217,145.1518,3.7,153.8,39,0
30688,07,31.0697,131.4942,4.1,29.0,39,0
30718,03,35.6738,140.7802,3.4,42.5,36,0
30722,07,36.9285,141.4132,3.4,32.9,39,0
30791,03,33.4682,135.5683,3.7,30.3,38,0
30793,16,35.2047,135.9875,2.7,10.7,20,0
30798,01,42.7798,142.6790,3.0,29.2,20,0
30812,14,36.1743,140.9333,3.5,43.2,35,0
30824,11,36.9867,138.6805,1.6,9.3,20,0
30831,21,35.5433,138.9885,2.6,20.9,20,0
30833,16,35.7438,137.1067,2.8,8.3,20,0
30851,15,36.0258,140.0882,3.3,61.5,36,0
30877,16,36.2670,137.6048,2.5,2.9,20,0
30886,09,36.2730,137.6032,2.7,2.9,20,0
30901,17,24.0643,123.4808,3.8,24.3,9,0
30905,23,43.5870,146.5082,3.9,74.9,40,0
30937,12,24.4475,141.4767,5.2,146.9,39,0
30972,06,43.9190,147.9332,4.8,0.0,36,0
30980,21,39.8825,140.8990,3.0,5.1,20,0
30996,22,38.8002,142.4138,3.5,33.0,40,0
31016,14,35.9353,140.2228,2.9,41.2,40,0
31083,17,38.7040,141.8058,2.9,51.5,32,0
31096,07,36.1460,141.2800,4.0,44.5,34,0
31112,04,32.5593,130.0268,2.8,10.8,38,0
31135,07,46.1182,151.2167,5.4,30.0,39,0
31195,09,38.1095,141.7092,3.9,55.5,39,0
31236,18,34.7432,139.3943,2.1,1.8,31,0
31239,03,36.8703,142.3453,4.7,19.0,39,0
31244,08,35.5998,140.1093,2.1,2.4,20,0
31255,05,43.3328,146.8627,3.9,40.9,38,0
31259,13,34.3627,134.8907,2.6,11.5,20,0
31275,22,35.7418,140.8835,3.5,10.9,34,0
31279,17,32.7803,130.7538,2.2,7.4,20,0
31297,16,36.8760,139.5143,2.6,7.6,20,0
31306,00,36.8762,139.5320,2.1,7.1,20,0
31307,06,36.8708,139.5132,2.9,6.3,20,0
31322,01,36.5463,140.8478,3.2,51.2,40,0
31344,15,36.8655,139.5237,2.9,6.1,20,0
31346,23,31.2180,130.6873,2.2,6.3,20,0
31357,03,35.5280,139.0282,2.7,16.8,20,0
31369,09,37.0645,139.3525,1.4,8.4,20,0
31382,03,38.9012,142.1205,3.3,44.2,40,0
31386,22,38.6937,142.0202,3.1,51.4,40,0
31396,19,35.1045,132.5892,2.6,6.4,20,0
31404,12,45.1273,141.7213,2.4,9.5,20,0
31428,08,38.6578,141.9340,3.3,45.5,40,0
31444,12,36.7800,140.5978,2.6,7.7,20,0
31447,19,42.7298,144.2910,3.7,61.8,39,0
31448,12,38.8672,141.6363,3.2,61.1,40,0
31459,11,35.8277,140.9353,3.3,23.4,34,0
31463,02,36.6893,140.6343,2.5,7.2,20,0
31465,10,38.7667,142.0308,3.3,35.3,39,0
31472,21,39.4453,140.3755,1.4,7.4,20,0
31488,05,27.1095,127.3657,4.2,92.5,14,0
31492,15,39.4125,140.6760,2.5,7.7,20,0
31499,11,34.2358,135.1065,2.7,7.7,20,0
31508,08,39.6362,142.1203,3.6,48.0,40,0
31548,05,36.4450,141.0968,3.7,43.8,40,0
31557,11,35.5582,140.1553,2.8,30.2,20,0
31567,01,39.6483,142.1095,3.2,47.9,40,0
31583,17,37.2093,136.7325,3.1,10.1,20,0
31612,22,36.7813,137.9302,2.6,7.9,20,0
31624,00,36.6915,137.9450,2.3,11.0,20,0
31633,04,36.7893,137.9077,2.0,4.5,20,0
31635,05,36.7398,137.8905,2.1,1.8,20,0
31641,07,36.8415,140.5822,3.1,9.0,20,0
31648,12,36.7588,137.8898,2.4,5.8,20,0
31652,14,36.7475,137.8475,1.8,0.0,20,0
31674,14,38.5415,141.7252,3.2,52.9,40,0
31680,17,36.8045,137.8983,2.1,2.5,20,0
31682,04,34.8395,140.0198,3.3,67.7,39,0
31690,00,36.7900,137.8767,1.2,0.0,20,0
31717,17,33.5058,132.0943,3.4,59.0,34,0
31723,21,26.9558,142.2655,4.2,74.0,19,0
31725,08,38.3935,141.8747,3.4,57.8,36,0
31729,21,36.6413,138.1748,2.6,12.1,20,0
31772,23,37.0292,138.7037,1.7,7.8,20,0
31776,12,36.1235,139.8395,3.1,52.4,34,0
31780,15,36.0300,139.9162,3.2,29.0,20,0
31785,03,35.8998,140.3502,3.3,38.0,38,0
31789,07,34.0982,135.1050,2.8,8.2,20,0
31793,19,36.7043,138.3202,1.2,6.3,20,0
31794,06,38.4457,141.8095,3.7,54.0,40,0
31797,16,39.8847,142.2663,3.6,19.8,40,0
31799,22,31.8498,130.7325,2.2,8.8,20,0
31832,12,36.9258,139.3930,2.2,3.8,20,0
31834,11,35.5788,140.8967,3.5,18.8,37,0
31882,22,37.9788,142.6795,4.5,27.9,40,0
31886,16,35.0212,135.5258,2.7,14.3,20,0
31919,02,39.0587,140.8565,3.3,7.3,20,0
31930,01,36.6023,140.5880,2.4,5.8,20,0
31934,15,36.0153,139.9287,3.0,43.0,31,0
31944,13,38.8602,141.7723,3.4,56.2,39,0
31950,02,35.5723,140.0622,3.6,68.5,38,0
31966,00,36.0447,139.9235,2.9,44.2,34,0
31987,11,36.6908,140.6585,2.6,6.2,20,0
31995,06,39.2763,142.2352,3.1,42.4,40,0
32001,14,38.6993,141.7982,2.9,53.2,40,0
32016,21,42.3218,143.0222,3.6,51.9,40,0
32029,10,27.0653,142.4160,4.2,85.0,13,0
32033,03,43.2612,145.3600,3.8,73.2,40,0
32053,09,39.5250,140.4128,2.2,8.2,20,0
32054,00,36.3790,140.5907,3.2,51.3,38,0
32066,01,33.7112,130.2560,3.1,12.0,39,0
32081,11,38.4773,142.0360,3.8,49.2,40,0
32089,18,36.2065,141.0020,3.1,44.0,35,0
32094,23,35.7258,140.8522,3.3,8.5,20,0
32103,14,36.5833,137.9158,1.8,9.5,20,0
32111,09,36.7560,137.8822,2.7,3.6,20,0
32120,16,41.0345,142.8278,4.3,24.0,38,0
32126,15,35.7170,138.1637,2.8,23.5,20,0
32127,16,37.1362,141.2040,3.8,25.2,40,0
32156,19,34.7500,139.3178,2.6,4.3,10,0
32168,22,38.7157,141.6762,3.1,52.0,40,0
32171,07,36.5540,140.8852,3.3,50.0,39,0
32173,02,35.2808,138.4820,2.2,17.0,20,0
32185,17,37.1020,140.5973,3.2,11.2,20,0
32201,17,35.2347,139.0282,2.3,3.0,20,0
32226,20,35.2293,139.0105,2.2,1.2,20,0
32227,21,35.2470,139.0257,2.5,2.2,20,0
32254,21,42.2727,142.5212,3.4,72.2,37,0
32270,10,31.2443,130.4915,4.1,145.9,32,0
32274,13,36.7857,138.5442,2.6,0.5,20,0
32281,16,35.1137,135.6928,2.9,13.7,20,0
32289,09,44.0312,146.9900,4.3,79.3,39,0
32290,20,35.5850,140.1460,1.9,0.0,20,0
32291,22,28.0217,130.2495,3.3,36.3,22,0
32292,01,37.5103,141.5068,3.5,46.3,40,0
32303,22,43.5153,144.3533,2.4,3.0,20,0
32307,16,43.4952,144.0512,2.1,0.0,20,0
32326,08,34.2265,139.1937,2.6,10.2,34,0
32335,15,35.9172,136.6288,2.9,9.8,20,0
32349,08,35.5415,139.8943,3.5,68.8,40,0
32352,14,36.5857,141.1418,3.2,33.4,37,0
32388,06,35.2212,139.0263,2.0,2.6,20,0
32395,00,42.0028,142.7530,3.3,49.9,40,0
32406,09,36.6420,140.9345,3.5,49.2,40,0
32415,18,34.2688,135.4115,2.4,7.9,20,0
32419,04,40.3445,141.5425,3.0,86.9,40,0
32422,11,38.3228,141.9098,3.4,61.1,40,0
32428,16,33.2552,139.6303,3.7,31.4,21,0
32429,16,33.2403,139.5035,3.6,24.6,26,0
32442,09,32.1502,131.8258,3.4,35.8,38,0
32447,13,38.4473,141.9623,3.8,60.5,40,0
32453,13,33.6962,141.0800,5.0,57.0,37,0
32469,23,35.3807,138.7878,2.2,12.0,20,0
32484,21,36.6475,137.8975,2.0,9.0,20,0
32494,03,35.7537,140.7395,3.0,12.5,20,0
32496,18,42.3940,144.6085,3.9,27.8,38,0
32499,20,29.2492,129.2385,1.6,12.8,4,0
32525,15,42.1638,142.6188,3.4,56.1,40,0
32568,18,40.1298,141.1413,2.5,8.8,20,0
32571,12,29.7220,130.3770,4.0,51.9,31,0
32572,16,34.6450,138.1918,2.8,10.2,20,0
32581,17,43.1322,145.8792,3.2,44.5,34,0
32595,00,24.3885,124.1140,4.4,43.7,13,0
32597,11,39.0280,142.3815,3.9,33.1,40,0
32602,21,35.8740,140.9040,3.7,14.1,38,0
32617,12,26.9255,141.3742,4.1,121.0,16,0
32618,23,35.0498,135.9728,2.9,8.8,20,0
32622,17,37.9448,138.0218,3.8,16.9,40,0
32629,17,38.2682,141.8063,3.8,55.9,35,0
32631,16,33.4625,132.6103,3.5,44.5,39,0
32653,20,39.4647,143.6698,4.7,39.0,30,0
32672,20,38.7057,142.2327,3.9,38.7,39,0
32679,23,39.6548,141.9550,3.2,61.6,37,0
32701,09,33.9012,134.4593,2.3,10.0,20,0
32713,17,35.4365,133.9120,1.9,7.5,20,0
32716,06,30.6623,131.5798,3.9,30.4,25,0
32718,08,38.5375,141.7485,3.5,54.3,40,0
32722,06,36.6258,141.4673,3.6,42.5,35,0
32778,17,32.2932,140.9845,5.1,37.0,31,0
32788,01,34.9705,134.8107,3.1,14.1,20,0
32809,11,35.2338,137.2325,2.4,12.7,20,0
32821,06,31.2290,128.6678,4.5,2.2,31,0
32825,08,44.3492,145.7863,4.1,19.6,39,0
32838,07,32.9703,130.9233,2.3,5.3,20,0
32868,16,36.8067,140.5233,3.1,8.2,20,0
32886,04,42.1360,142.7918,2.7,21.4,35,0
32890,00,32.9738,130.9250,2.1,4.7,20,0
32895,11,32.9717,130.9225,2.0,5.5,20,0
32906,12,38.6957,142.2685,4.0,38.2,40,0
32910,20,32.1955,132.1397,3.3,18.1,31,0
32921,21,38.3380,141.6130,3.4,54.8,37,0
32924,07,34.2545,135.4185,2.3,7.5,20,0
32935,06,30.8482,131.4262,3.9,33.0,40,0
32943,19,31.6582,131.0503,1.7,3.2,20,0
32982,08,32.9768,130.9328,2.1,3.7,20,0
32994,06,43.0788,147.1115,4.6,50.0,39,0
32996,23,23.5675,142.6820,5.3,179.1,13,0
33000,05,32.2478,131.1330,3.6,97.6,40,0
33038,08,29.5028,129.6858,2.5,6.0,11,0
33047,13,36.1718,140.0112,3.1,50.6,35,0
33067,01,35.0497,139.0877,1.9,3.6,11,0
33076,16,40.3867,141.2590,2.2,7.8,20,0
33077,05,36.6973,140.6453,3.3,10.4,20,0
33096,21,36.0548,137.5597,2.7,8.4,20,0
33111,07,29.2590,129.1660,1.5,9.4,5,0
33117,01,38.8558,142.0495,3.7,45.6,39,0
33120,10,36.7558,140.5692,3.5,8.2,20,0
33127,03,29.2660,129.0852,2.2,8.4,7,0
33128,03,29.2082,129.2763,2.5,7.8,5,0
33130,04,29.2640,129.2668,2.7,14.6,12,0
33133,09,31.1073,130.3287,3.6,159.2,31,0
33147,06,24.9078,125.6632,3.5,49.5,12,0
33151,15,31.7123,128.9515,3.8,17.8,24,0
33164,07,34.1532,135.3230,2.1,4.8,20,0
33189,14,41.8515,142.8220,3.4,49.2,40,0
33228,17,35.1833,137.5305,2.6,45.9,29,0
33232,07,38.1773,141.9725,3.7,31.9,33,0
33245,12,39.0493,140.8767,3.4,8.4,20,0
33262,10,33.0972,131.0737,2.8,9.0,20,0
33272,17,36.7233,140.4443,3.1,69.9,36,0
33279,11,34.7398,139.2938,2.3,5.2,19,0
33287,09,36.4073,141.1022,3.5,45.3,33,0
33315,22,32.7613,130.8137,2.4,8.2,20,0
33336,23,32.8050,130.8328,2.4,9.7,20,0
33337,23,32.7538,130.8018,2.3,10.0,20,0
33380,02,32.7223,130.7700,2.5,11.4,20,0
33382,02,32.6995,130.7418,2.6,12.9,20,0
33390,03,32.7298,130.7770,2.8,12.0,20,0
33392,03,32.7418,130.7940,2.3,9.4,20,0
33395,03,32.8350,130.9558,2.3,8.0,20,0
33397,04,32.7095,130.7662,2.5,9.7,20,0
33408,05,32.7582,130.8063,2.6,9.8,20,0
33411,06,32.6740,130.7383,2.5,11.2,20,0
33416,08,32.7312,130.7920,2.8,10.1,20,0
33436,13,32.6775,130.7487,2.7,10.3,20,0
33447,15,32.7818,130.7662,2.6,13.9,20,0
33462,23,32.7452,130.7808,2.4,10.0,20,0
33464,00,32.6825,130.7583,2.8,10.2,20,0
33475,02,32.9562,131.0760,2.1,5.5,6,0
33481,02,33.2397,131.3595,3.1,9.5,13,0
33500,02,33.2768,131.3728,2.0,9.1,7,0
33508,02,33.2673,131.3637,2.9,9.8,20,0
33520,02,32.7465,130.8030,2.7,8.9,20,0
33521,02,32.9568,131.0992,2.2,11.2,6,0
33528,03,32.7800,130.7778,2.9,12.1,11,0
33548,03,32.7792,130.7758,2.4,11.9,20,0
33580,03,32.7268,130.7613,2.1,8.7,11,0
33582,03,32.4968,130.6123,2.7,10.3,11,0
33588,04,32.7597,130.7665,2.8,13.4,14,0
33590,04,32.7683,130.6662,2.4,11.4,20,0
33608,04,33.2960,131.3690,2.5,8.5,12,0
33613,04,32.9778,131.0900,2.5,13.0,7,0
33682,06,32.6827,130.7158,2.5,12.1,20,0
33685,06,33.0672,131.1428,2.6,11.3,20,0
33690,06,33.0077,131.1400,2.9,12.8,20,0
33696,06,32.7713,130.7318,1.6,10.2,14,0
33707,06,32.6763,130.7200,2.1,10.0,13,0
33724,07,32.9902,131.0892,2.1,8.8,15,0
33730,07,32.9687,131.0763,2.7,9.7,20,0
33758,07,32.9747,131.0962,2.4,10.1,20,0
33787,08,32.8205,130.8257,2.3,12.3,20,0
33798,08,32.9863,131.1147,2.5,7.8,17,0
33846,10,32.6372,130.7002,1.8,7.1,16,0
33875,11,32.7600,130.7670,2.4,12.6,20,0
33894,12,32.7715,130.6490,2.4,11.7,20,0
33899,12,33.0250,131.1900,2.7,6.8,19,0
33904,12,32.7065,130.7055,2.6,12.2,20,0
33930,14,32.9803,131.1037,2.3,9.7,20,0
33944,15,32.8768,130.8778,2.6,13.1,20,0
33945,15,33.2700,131.4038,1.9,6.0,20,0
33975,16,32.7055,130.7210,2.1,10.2,19,0
33983,17,32.6987,130.7290,2.5,10.0,18,0
33984,17,33.2788,131.3453,1.9,6.5,12,0
33986,17,32.6145,130.6900,2.2,3.7,16,0
33996,17,32.9283,130.9988,2.5,10.6,20,0
33997,17,32.6973,130.7307,2.1,11.4,12,0
34001,17,32.8108,130.8163,2.7,12.3,20,0
34012,18,33.3057,131.4842,1.3,3.4,12,0
34015,18,32.9648,131.0838,2.1,9.7,18,0
34023,19,32.6495,130.7105,2.1,5.8,18,0
34042,19,33.2708,131.4145,2.3,5.9,20,0
34070,21,32.6568,130.7343,2.2,9.4,20,0
34093,22,33.0195,131.1777,2.3,7.3,20,0
34103,23,32.7065,130.7070,2.3,7.9,20,0
34107,23,32.6372,130.6783,2.5,9.6,20,0
34111,23,33.2963,131.4767,2.0,7.1,20,0
34143,02,33.0102,131.1477,2.5,6.8,20,0
34147,02,33.0300,131.1795,2.5,8.1,20,0
34153,02,32.7078,130.6798,2.1,12.6,20,0
34165,03,33.2687,131.3327,2.5,8.8,20,0
34168,04,32.8302,130.8443,2.4,11.2,20,0
34180,05,32.7640,130.7077,1.6,8.2,12,0
34192,06,32.8355,130.8580,2.1,8.4,20,0
34229,10,32.7672,130.7440,2.2,10.6,20,0
34230,10,32.8120,130.8158,2.3,11.3,20,0
34241,12,32.8243,130.8892,2.5,9.1,20,0
34250,12,32.6900,130.7463,2.4,11.1,20,0
34256,13,32.6712,130.6470,2.1,5.0,20,0
34264,14,33.2803,131.3842,2.9,9.3,20,0
34272,15,32.8355,130.8698,2.3,9.4,20,0
34306,19,32.7772,130.8202,2.7,11.9,20,0
34323,22,32.6508,130.7147,2.1,6.6,20,0
34326,22,32.5567,130.6757,2.3,7.9,19,0
34328,22,32.6737,130.7495,2.8,10.6,20,0
34347,02,33.2717,131.3615,1.7,7.7,20,0
34349,03,32.6542,130.7108,2.6,12.3,20,0
34363,05,32.8015,130.7185,1.5,4.6,20,0
34401,11,38.8770,142.1553,3.1,48.6,39,0
34425,16,32.6603,130.7093,2.5,12.9,20,0
34429,16,33.2988,131.4955,2.7,7.0,20,0
34455,20,32.8038,130.7130,2.1,5.2,14,0
34459,21,32.7032,130.7412,2.3,10.1,20,0
34462,21,32.9983,131.1922,2.3,4.9,20,0
34500,02,32.7270,130.7517,2.1,12.2,20,0
34503,04,32.6798,130.7098,2.4,10.4,20,0
34505,04,32.8193,130.8193,2.7,8.6,20,0
34561,17,32.9745,131.0493,2.6,7.0,15,0
34584,21,32.5717,130.6563,3.0,11.3,20,0
34592,22,33.0015,131.2030,1.9,5.6,20,0
34618,06,32.9683,131.0160,2.3,4.4,20,0
34627,10,32.8132,130.6877,1.9,6.6,20,0
34645,13,33.0077,131.2055,2.9,7.5,20,0
34651,16,32.5398,130.6553,2.4,7.9,20,0
34655,17,33.2747,131.3217,2.2,8.6,20,0
34661,20,32.5470,130.7287,2.1,7.5,20,0
34672,22,32.6853,130.7890,1.9,7.1,20,0
34676,23,32.8018,130.7075,1.8,7.9,20,0
34680,23,32.7782,130.7543,2.3,6.5,20,0
34709,09,32.7813,130.7543,2.1,5.6,20,0
34718,13,33.0253,131.1827,2.6,6.6,20,0
34733,23,32.8013,130.6988,1.9,7.7,20,0
34738,02,32.8142,130.6597,1.7,6.0,20,0
34774,18,32.7350,130.7290,1.9,10.2,20,0
34793,02,33.0402,131.1047,3.1,11.6,20,0
34795,03,32.7982,130.7017,1.5,4.8,20,0
34858,09,32.8112,130.7397,1.7,5.0,20,0
34859,10,32.9975,131.1940,2.4,9.8,20,0
34872,18,32.8352,130.8390,2.2,9.8,20,0
34889,02,32.6598,130.6765,2.5,12.4,20,0
34902,09,32.7662,130.7968,2.5,9.2,20,0
34920,23,32.6377,130.6295,2.6,10.8,20,0
34923,01,32.9708,131.1150,2.2,8.2,20,0
34950,18,35.0920,135.6365,2.3,6.6,20,0
34960,01,30.2547,131.2547,3.8,13.5,22,0
34964,03,32.6412,130.6958,2.8,10.4,20,0
34965,04,33.0173,131.2183,2.2,5.5,20,0
34970,08,32.9578,131.1218,2.2,9.6,20,0
34972,10,32.9638,131.1202,2.1,9.9,20,0
34978,14,32.6330,130.7010,1.7,4.4,20,0
34983,19,32.6497,130.7080,2.1,5.5,20,0
34999,01,32.6860,130.7090,2.6,9.6,20,0
35015,13,33.2745,131.3473,2.1,8.6,20,0
35038,15,33.2662,131.3718,2.0,8.3,20,0
35055,14,33.2425,131.3870,2.1,10.3,20,0
35073,03,32.6953,130.7062,2.4,13.0,20,0
35074,04,32.6717,130.6592,2.4,8.2,20,0
35102,08,32.6092,130.6737,2.0,3.9,20,0
35105,12,32.7798,130.6582,1.9,7.4,19,0
35116,05,32.8308,130.8128,2.4,16.1,20,0
35150,21,32.5637,130.6780,2.7,8.2,20,0
35163,11,32.9950,131.1278,2.3,10.4,20,0
35178,19,35.4962,138.9730,2.8,21.8,20,0
35181,01,32.8313,130.8330,2.4,8.6,19,0
35213,01,32.8085,130.7178,1.6,6.6,20,0
35214,03,32.9493,131.0443,2.5,8.2,20,0
35218,06,31.0828,129.0577,4.2,11.4,37,0
35226,15,32.6168,130.6598,2.5,10.3,20,0
35247,07,32.8042,130.7133,1.8,5.2,20,0
35252,17,32.6402,130.7157,2.4,8.7,20,0
35259,22,32.6973,130.7148,2.2,10.8,20,0
35267,21,24.2773,125.2227,3.6,38.0,9,0
35269,23,32.6730,130.6607,2.2,9.3,20,0
35276,11,32.7030,130.7102,2.4,11.8,20,0
35285,03,32.9812,131.1103,2.7,9.2,20,0
35288,07,32.4858,130.5995,2.6,5.4,20,0
35297,04,32.9955,131.1325,2.7,10.6,20,0
35327,20,32.7013,130.6585,2.4,13.0,20,0
35348,03,32.6633,130.7550,2.1,4.4,20,0
35386,05,32.7025,130.7175,2.3,10.5,20,0
35392,17,32.8047,130.7892,2.7,11.2,20,0
35408,12,32.5240,130.5777,2.6,8.8,20,0
35410,14,32.7777,130.8060,2.2,6.6,20,0
35412,19,32.8523,130.8253,2.1,13.6,20,0
35414,02,34.0288,135.1942,1.1,2.3,20,0
35416,04,32.6855,130.7007,2.4,12.5,20,0
35419,11,32.8728,130.8860,1.9,11.7,20,0
35422,21,32.6950,130.7132,2.4,16.5,20,0
35424,01,32.5585,130.6867,2.3,9.0,20,0
35436,14,32.7042,130.7373,2.4,11.4,20,0
35448,01,32.8075,130.7363,1.8,4.4,20,0
35449,04,37.3762,141.1432,3.1,27.1,40,0
35478,18,24.4613,126.4892,5.3,85.1,29,0
35481,05,32.7102,130.6678,2.2,12.6,20,0
35487,18,32.8123,130.6860,2.0,6.9,20,0
35499,06,32.7682,130.7923,2.3,9.4,20,0
35506,23,32.3373,130.4998,2.3,8.3,20,0
35508,01,37.3698,141.9302,4.2,38.9,39,0
35514,05,32.9702,131.0913,2.4,6.9,20,0
35516,06,32.7617,130.6677,2.4,10.4,20,0
35517,10,32.7395,130.6585,2.3,13.9,20,0
